date,hotel_code,room_code,available,price,sampled,updated
2024-08-31,GLCC,DK1,11,449.99,2023-09-04 16:27:51.592488,2023-09-04 14:26:00
2024-08-31,GLCC,DK1A,1,449.99,2023-09-04 16:27:51.592488,2023-09-04 14:26:00
2024-08-31,GLCC,DK1R,1,449.99,2023-09-04 16:27:51.592488,2023-09-04 14:26:00
2024-08-31,GLCC,DQ2,4,449.99,2023-09-04 16:27:51.592488,2023-09-04 14:26:00
2024-08-31,GLCC,DQ2A,1,449.99,2023-09-04 16:27:51.592488,2023-09-04 14:26:00
2024-08-31,GLCC,SQ2,11,439.99,2023-09-04 16:27:51.592488,2023-09-04 14:26:00
2024-08-31,GLCC,SQ2A,1,439.99,2023-09-04 16:27:51.592488,2023-09-04 14:26:00
2024-08-31,GLCC,XK1,1,479.99,2023-09-04 16:27:51.592488,2023-09-04 14:26:00
2024-08-31,GLCC,XK1A,1,479.99,2023-09-04 16:27:51.592488,2023-09-04 14:26:00
2024-08-31,GLCC,XQ2,0,449.99,2023-09-04 16:27:51.592488,2023-09-04 14:26:00
2024-08-31,GLCC,XQ2A,1,449.99,2023-09-04 16:27:51.592488,2023-09-04 14:26:00
2024-09-01,GLCC,DK1,11,439.99,2023-09-04 16:27:51.592488,2023-09-04 14:26:00
2024-09-01,GLCC,DK1A,1,439.99,2023-09-04 16:27:51.592488,2023-09-04 14:26:00
2024-09-01,GLCC,DK1R,1,439.99,2023-09-04 16:27:51.592488,2023-09-04 14:26:00
2024-09-01,GLCC,DQ2,2,439.99,2023-09-04 16:27:51.592488,2023-09-04 14:26:00
2024-09-01,GLCC,DQ2A,1,439.99,2023-09-04 16:27:51.592488,2023-09-04 14:26:00
2024-09-01,GLCC,SQ2,11,429.99,2023-09-04 16:27:51.592488,2023-09-04 14:26:00
2024-09-01,GLCC,SQ2A,1,429.99,2023-09-04 16:27:51.592488,2023-09-04 14:26:00
2024-09-01,GLCC,XK1,1,469.99,2023-09-04 16:27:51.592488,2023-09-04 14:26:00
2024-09-01,GLCC,XK1A,1,469.99,2023-09-04 16:27:51.592488,2023-09-04 14:26:00
2024-09-01,GLCC,XQ2,0,439.99,2023-09-04 16:27:51.592488,2023-09-04 14:26:00
2024-09-01,GLCC,XQ2A,1,439.99,2023-09-04 16:27:51.592488,2023-09-04 14:26:00
2024-09-02,GLCC,DK1,11,399.99,2023-09-04 16:27:51.592488,2023-09-04 14:26:00
2024-09-02,GLCC,DK1A,1,399.99,2023-09-04 16:27:51.592488,2023-09-04 14:26:00
2024-09-02,GLCC,DK1R,1,399.99,2023-09-04 16:27:51.592488,2023-09-04 14:26:00
2024-09-02,GLCC,DQ2,1,399.99,2023-09-04 16:27:51.592488,2023-09-04 14:26:00
2024-09-02,GLCC,DQ2A,1,399.99,2023-09-04 16:27:51.592488,2023-09-04 14:26:00
2024-09-02,GLCC,SQ2,11,389.99,2023-09-04 16:27:51.592488,2023-09-04 14:26:00
2024-09-02,GLCC,SQ2A,1,389.99,2023-09-04 16:27:51.592488,2023-09-04 14:26:00
2024-09-02,GLCC,XK1,0,429.99,2023-09-04 16:27:51.592488,2023-09-04 14:26:00
2024-09-02,GLCC,XK1A,1,429.99,2023-09-04 16:27:51.592488,2023-09-04 14:26:00
2024-09-02,GLCC,XQ2,0,399.99,2023-09-04 16:27:51.592488,2023-09-04 14:26:00
2024-09-02,GLCC,XQ2A,1,399.99,2023-09-04 16:27:51.592488,2023-09-04 14:26:00
2024-09-03,GLCC,DK1,11,409.99,2023-09-04 16:27:51.592488,2023-09-04 14:26:00
2024-09-03,GLCC,DK1A,1,409.99,2023-09-04 16:27:51.592488,2023-09-04 14:26:00
2024-09-03,GLCC,DK1R,1,409.99,2023-09-04 16:27:51.592488,2023-09-04 14:26:00
2024-09-03,GLCC,DQ2,1,409.99,2023-09-04 16:27:51.592488,2023-09-04 14:26:00
2024-09-03,GLCC,DQ2A,1,409.99,2023-09-04 16:27:51.592488,2023-09-04 14:26:00
2024-09-03,GLCC,SQ2,11,399.99,2023-09-04 16:27:51.592488,2023-09-04 14:26:00
2024-09-03,GLCC,SQ2A,0,399.99,2023-09-04 16:27:51.592488,2023-09-04 14:26:00
2024-09-03,GLCC,XK1,0,439.99,2023-09-04 16:27:51.592488,2023-09-04 14:26:00
2024-09-03,GLCC,XK1A,1,439.99,2023-09-04 16:27:51.592488,2023-09-04 14:26:00
2024-09-03,GLCC,XQ2,1,409.99,2023-09-04 16:27:51.592488,2023-09-04 14:26:00
2024-09-03,GLCC,XQ2A,1,409.99,2023-09-04 16:27:51.592488,2023-09-04 14:26:00
2024-09-04,GLCC,DK1,11,439.99,2023-09-04 16:27:51.592488,2023-09-04 14:26:00
2024-09-04,GLCC,DK1A,1,439.99,2023-09-04 16:27:51.592488,2023-09-04 14:26:00
2024-09-04,GLCC,DK1R,1,439.99,2023-09-04 16:27:51.592488,2023-09-04 14:26:00
2024-09-04,GLCC,DQ2,1,439.99,2023-09-04 16:27:51.592488,2023-09-04 14:26:00
2024-09-04,GLCC,DQ2A,1,439.99,2023-09-04 16:27:51.592488,2023-09-04 14:26:00
2024-09-04,GLCC,SQ2,11,429.99,2023-09-04 16:27:51.592488,2023-09-04 14:26:00
2024-09-04,GLCC,SQ2A,1,429.99,2023-09-04 16:27:51.592488,2023-09-04 14:26:00
2024-09-04,GLCC,XK1,0,469.99,2023-09-04 16:27:51.592488,2023-09-04 14:26:00
2024-09-04,GLCC,XK1A,1,469.99,2023-09-04 16:27:51.592488,2023-09-04 14:26:00
2024-09-04,GLCC,XQ2,0,439.99,2023-09-04 16:27:51.592488,2023-09-04 14:26:00
2024-09-04,GLCC,XQ2A,1,439.99,2023-09-04 16:27:51.592488,2023-09-04 14:26:00
2024-09-05,GLCC,DK1,5,439.99,2023-09-04 16:27:51.592488,2023-09-04 14:26:00
2024-09-05,GLCC,DK1A,1,439.99,2023-09-04 16:27:51.592488,2023-09-04 14:26:00
2024-09-05,GLCC,DK1R,1,439.99,2023-09-04 16:27:51.592488,2023-09-04 14:26:00
2024-09-05,GLCC,DQ2,0,439.99,2023-09-04 16:27:51.592488,2023-09-04 14:26:00
2024-09-05,GLCC,DQ2A,1,439.99,2023-09-04 16:27:51.592488,2023-09-04 14:26:00
2024-09-05,GLCC,SQ2,7,429.99,2023-09-04 16:27:51.592488,2023-09-04 14:26:00
2024-09-05,GLCC,SQ2A,1,429.99,2023-09-04 16:27:51.592488,2023-09-04 14:26:00
2024-09-05,GLCC,XK1,0,469.99,2023-09-04 16:27:51.592488,2023-09-04 14:26:00
2024-09-05,GLCC,XK1A,1,469.99,2023-09-04 16:27:51.592488,2023-09-04 14:26:00
2024-09-05,GLCC,XQ2,0,439.99,2023-09-04 16:27:51.592488,2023-09-04 14:26:00
2024-09-05,GLCC,XQ2A,1,439.99,2023-09-04 16:27:51.592488,2023-09-04 14:26:00
2024-09-06,GLCC,DK1,5,449.99,2023-09-04 16:27:51.592488,2023-09-04 14:26:00
2024-09-06,GLCC,DK1A,1,449.99,2023-09-04 16:27:51.592488,2023-09-04 14:26:00
2024-09-06,GLCC,DK1R,1,449.99,2023-09-04 16:27:51.592488,2023-09-04 14:26:00
2024-09-06,GLCC,DQ2,1,449.99,2023-09-04 16:27:51.592488,2023-09-04 14:26:00
2024-09-06,GLCC,DQ2A,1,449.99,2023-09-04 16:27:51.592488,2023-09-04 14:26:00
2024-09-06,GLCC,SQ2,10,439.99,2023-09-04 16:27:51.592488,2023-09-04 14:26:00
2024-09-06,GLCC,SQ2A,1,439.99,2023-09-04 16:27:51.592488,2023-09-04 14:26:00
2024-09-06,GLCC,XK1,1,479.99,2023-09-04 16:27:51.592488,2023-09-04 14:26:00
2024-09-06,GLCC,XK1A,1,479.99,2023-09-04 16:27:51.592488,2023-09-04 14:26:00
2024-09-06,GLCC,XQ2,0,449.99,2023-09-04 16:27:51.592488,2023-09-04 14:26:00
2024-09-06,GLCC,XQ2A,1,449.99,2023-09-04 16:27:51.592488,2023-09-04 14:26:00
2024-09-07,GLCC,DK1,11,449.99,2023-09-04 16:27:51.592488,2023-09-04 14:26:00
2024-09-07,GLCC,DK1A,1,449.99,2023-09-04 16:27:51.592488,2023-09-04 14:26:00
2024-09-07,GLCC,DK1R,0,449.99,2023-09-04 16:27:51.592488,2023-09-04 14:26:00
2024-09-07,GLCC,DQ2,2,449.99,2023-09-04 16:27:51.592488,2023-09-04 14:26:00
2024-09-07,GLCC,DQ2A,1,449.99,2023-09-04 16:27:51.592488,2023-09-04 14:26:00
2024-09-07,GLCC,SQ2,11,439.99,2023-09-04 16:27:51.592488,2023-09-04 14:26:00
2024-09-07,GLCC,SQ2A,1,439.99,2023-09-04 16:27:51.592488,2023-09-04 14:26:00
2024-09-07,GLCC,XK1,0,479.99,2023-09-04 16:27:51.592488,2023-09-04 14:26:00
2024-09-07,GLCC,XK1A,1,479.99,2023-09-04 16:27:51.592488,2023-09-04 14:26:00
2024-09-07,GLCC,XQ2,1,449.99,2023-09-04 16:27:51.592488,2023-09-04 14:26:00
2024-09-07,GLCC,XQ2A,1,449.99,2023-09-04 16:27:51.592488,2023-09-04 14:26:00
2024-09-08,GLCC,DK1,11,399.99,2023-09-04 16:27:51.592488,2023-09-04 14:26:00
2024-09-08,GLCC,DK1A,0,399.99,2023-09-04 16:27:51.592488,2023-09-04 14:26:00
2024-09-08,GLCC,DK1R,0,399.99,2023-09-04 16:27:51.592488,2023-09-04 14:26:00
2024-09-08,GLCC,DQ2,0,399.99,2023-09-04 16:27:51.592488,2023-09-04 14:26:00
2024-09-08,GLCC,DQ2A,1,399.99,2023-09-04 16:27:51.592488,2023-09-04 14:26:00
2024-09-08,GLCC,SQ2,11,389.99,2023-09-04 16:27:51.592488,2023-09-04 14:26:00
2024-09-08,GLCC,SQ2A,1,389.99,2023-09-04 16:27:51.592488,2023-09-04 14:26:00
2024-09-08,GLCC,XK1,1,429.99,2023-09-04 16:27:51.592488,2023-09-04 14:26:00
2024-09-08,GLCC,XK1A,1,429.99,2023-09-04 16:27:51.592488,2023-09-04 14:26:00
2024-09-08,GLCC,XQ2,0,399.99,2023-09-04 16:27:51.592488,2023-09-04 14:26:00
2024-09-08,GLCC,XQ2A,1,399.99,2023-09-04 16:27:51.592488,2023-09-04 14:26:00
2024-09-09,GLCC,DK1,11,409.99,2023-09-04 16:27:51.592488,2023-09-04 14:26:00
2024-09-09,GLCC,DK1A,0,409.99,2023-09-04 16:27:51.592488,2023-09-04 14:26:00
2024-09-09,GLCC,DK1R,0,409.99,2023-09-04 16:27:51.592488,2023-09-04 14:26:00
2024-09-09,GLCC,DQ2,0,409.99,2023-09-04 16:27:51.592488,2023-09-04 14:26:00
2024-09-09,GLCC,DQ2A,1,409.99,2023-09-04 16:27:51.592488,2023-09-04 14:26:00
2024-09-09,GLCC,SQ2,9,399.99,2023-09-04 16:27:51.592488,2023-09-04 14:26:00
2024-09-09,GLCC,SQ2A,1,399.99,2023-09-04 16:27:51.592488,2023-09-04 14:26:00
2024-09-09,GLCC,XK1,1,439.99,2023-09-04 16:27:51.592488,2023-09-04 14:26:00
2024-09-09,GLCC,XK1A,1,439.99,2023-09-04 16:27:51.592488,2023-09-04 14:26:00
2024-09-09,GLCC,XQ2,0,409.99,2023-09-04 16:27:51.592488,2023-09-04 14:26:00
2024-09-09,GLCC,XQ2A,1,409.99,2023-09-04 16:27:51.592488,2023-09-04 14:26:00
2024-08-31,GLLM,CD1,0,203.0,2023-09-04 16:27:53.311380,2023-09-04 14:26:00
2024-08-31,GLLM,CD2,0,203.0,2023-09-04 16:27:53.311380,2023-09-04 14:26:00
2024-08-31,GLLM,CD2LA,0,217.0,2023-09-04 16:27:53.311380,2023-09-04 14:26:00
2024-08-31,GLLM,CD2TL,0,283.0,2023-09-04 16:27:53.311380,2023-09-04 14:26:00
2024-08-31,GLLM,CK1LH,0,599.0,2023-09-04 16:27:53.311380,2023-09-04 14:26:00
2024-08-31,GLLM,CK1LHA,0,599.0,2023-09-04 16:27:53.311380,2023-09-04 14:26:00
2024-08-31,GLLM,CQ1,0,203.0,2023-09-04 16:27:53.311380,2023-09-04 14:26:00
2024-08-31,GLLM,CQ1LH,0,599.0,2023-09-04 16:27:53.311380,2023-09-04 14:26:00
2024-08-31,GLLM,CXQ1L,0,334.0,2023-09-04 16:27:53.311380,2023-09-04 14:26:00
2024-08-31,GLLM,CXQ1LH,0,599.0,2023-09-04 16:27:53.311380,2023-09-04 14:26:00
2024-08-31,GLLM,DK1A,0,597.0,2023-09-04 16:27:53.311380,2023-09-04 14:26:00
2024-08-31,GLLM,DQ1,0,597.0,2023-09-04 16:27:53.311380,2023-09-04 14:26:00
2024-08-31,GLLM,DQ1A,0,514.0,2023-09-04 16:27:53.311380,2023-09-04 14:26:00
2024-08-31,GLLM,DQ2,0,597.0,2023-09-04 16:27:53.311380,2023-09-04 14:26:00
2024-08-31,GLLM,SB2XX,0,140.0,2023-09-04 16:27:53.311380,2023-09-04 14:26:00
2024-08-31,GLLM,SD1XX,0,140.0,2023-09-04 16:27:53.311380,2023-09-04 14:26:00
2024-08-31,GLLM,SD1XXA,0,140.0,2023-09-04 16:27:53.311380,2023-09-04 14:26:00
2024-08-31,GLLM,SQ1,0,276.0,2023-09-04 16:27:53.311380,2023-09-04 14:26:00
2024-08-31,GLLM,SQ1U,0,257.0,2023-09-04 16:27:53.311380,2023-09-04 14:26:00
2024-08-31,GLLM,XQ1,0,812.0,2023-09-04 16:27:53.311380,2023-09-04 14:26:00
2024-09-01,GLLM,CD1,0,203.0,2023-09-04 16:27:53.311380,2023-09-04 14:26:00
2024-09-01,GLLM,CD2,0,203.0,2023-09-04 16:27:53.311380,2023-09-04 14:26:00
2024-09-01,GLLM,CD2LA,0,217.0,2023-09-04 16:27:53.311380,2023-09-04 14:26:00
2024-09-01,GLLM,CD2TL,0,283.0,2023-09-04 16:27:53.311380,2023-09-04 14:26:00
2024-09-01,GLLM,CK1LH,0,599.0,2023-09-04 16:27:53.311380,2023-09-04 14:26:00
2024-09-01,GLLM,CK1LHA,0,599.0,2023-09-04 16:27:53.311380,2023-09-04 14:26:00
2024-09-01,GLLM,CQ1,0,203.0,2023-09-04 16:27:53.311380,2023-09-04 14:26:00
2024-09-01,GLLM,CQ1LH,0,599.0,2023-09-04 16:27:53.311380,2023-09-04 14:26:00
2024-09-01,GLLM,CXQ1L,0,334.0,2023-09-04 16:27:53.311380,2023-09-04 14:26:00
2024-09-01,GLLM,CXQ1LH,0,599.0,2023-09-04 16:27:53.311380,2023-09-04 14:26:00
2024-09-01,GLLM,DK1A,0,597.0,2023-09-04 16:27:53.311380,2023-09-04 14:26:00
2024-09-01,GLLM,DQ1,0,597.0,2023-09-04 16:27:53.311380,2023-09-04 14:26:00
2024-09-01,GLLM,DQ1A,0,514.0,2023-09-04 16:27:53.311380,2023-09-04 14:26:00
2024-09-01,GLLM,DQ2,0,597.0,2023-09-04 16:27:53.311380,2023-09-04 14:26:00
2024-09-01,GLLM,SB2XX,0,140.0,2023-09-04 16:27:53.311380,2023-09-04 14:26:00
2024-09-01,GLLM,SD1XX,0,140.0,2023-09-04 16:27:53.311380,2023-09-04 14:26:00
2024-09-01,GLLM,SD1XXA,0,140.0,2023-09-04 16:27:53.311380,2023-09-04 14:26:00
2024-09-01,GLLM,SQ1,0,276.0,2023-09-04 16:27:53.311380,2023-09-04 14:26:00
2024-09-01,GLLM,SQ1U,0,257.0,2023-09-04 16:27:53.311380,2023-09-04 14:26:00
2024-09-01,GLLM,XQ1,0,812.0,2023-09-04 16:27:53.311380,2023-09-04 14:26:00
2024-09-02,GLLM,CD1,0,203.0,2023-09-04 16:27:53.311380,2023-09-04 14:26:00
2024-09-02,GLLM,CD2,0,203.0,2023-09-04 16:27:53.311380,2023-09-04 14:26:00
2024-09-02,GLLM,CD2LA,0,217.0,2023-09-04 16:27:53.311380,2023-09-04 14:26:00
2024-09-02,GLLM,CD2TL,0,283.0,2023-09-04 16:27:53.311380,2023-09-04 14:26:00
2024-09-02,GLLM,CK1LH,3,599.0,2023-09-04 16:27:53.311380,2023-09-04 14:26:00
2024-09-02,GLLM,CK1LHA,0,599.0,2023-09-04 16:27:53.311380,2023-09-04 14:26:00
2024-09-02,GLLM,CQ1,0,203.0,2023-09-04 16:27:53.311380,2023-09-04 14:26:00
2024-09-02,GLLM,CQ1LH,0,599.0,2023-09-04 16:27:53.311380,2023-09-04 14:26:00
2024-09-02,GLLM,CXQ1L,0,334.0,2023-09-04 16:27:53.311380,2023-09-04 14:26:00
2024-09-02,GLLM,CXQ1LH,0,599.0,2023-09-04 16:27:53.311380,2023-09-04 14:26:00
2024-09-02,GLLM,DK1A,1,597.0,2023-09-04 16:27:53.311380,2023-09-04 14:26:00
2024-09-02,GLLM,DQ1,1,597.0,2023-09-04 16:27:53.311380,2023-09-04 14:26:00
2024-09-02,GLLM,DQ1A,0,514.0,2023-09-04 16:27:53.311380,2023-09-04 14:26:00
2024-09-02,GLLM,DQ2,0,597.0,2023-09-04 16:27:53.311380,2023-09-04 14:26:00
2024-09-02,GLLM,SB2XX,0,140.0,2023-09-04 16:27:53.311380,2023-09-04 14:26:00
2024-09-02,GLLM,SD1XX,0,140.0,2023-09-04 16:27:53.311380,2023-09-04 14:26:00
2024-09-02,GLLM,SD1XXA,0,140.0,2023-09-04 16:27:53.311380,2023-09-04 14:26:00
2024-09-02,GLLM,SQ1,0,276.0,2023-09-04 16:27:53.311380,2023-09-04 14:26:00
2024-09-02,GLLM,SQ1U,0,257.0,2023-09-04 16:27:53.311380,2023-09-04 14:26:00
2024-09-02,GLLM,XQ1,1,812.0,2023-09-04 16:27:53.311380,2023-09-04 14:26:00
2024-09-03,GLLM,CD1,0,203.0,2023-09-04 16:27:53.311380,2023-09-04 14:26:00
2024-09-03,GLLM,CD2,0,203.0,2023-09-04 16:27:53.311380,2023-09-04 14:26:00
2024-09-03,GLLM,CD2LA,0,217.0,2023-09-04 16:27:53.311380,2023-09-04 14:26:00
2024-09-03,GLLM,CD2TL,0,283.0,2023-09-04 16:27:53.311380,2023-09-04 14:26:00
2024-09-03,GLLM,CK1LH,0,599.0,2023-09-04 16:27:53.311380,2023-09-04 14:26:00
2024-09-03,GLLM,CK1LHA,0,599.0,2023-09-04 16:27:53.311380,2023-09-04 14:26:00
2024-09-03,GLLM,CQ1,0,203.0,2023-09-04 16:27:53.311380,2023-09-04 14:26:00
2024-09-03,GLLM,CQ1LH,0,599.0,2023-09-04 16:27:53.311380,2023-09-04 14:26:00
2024-09-03,GLLM,CXQ1L,0,334.0,2023-09-04 16:27:53.311380,2023-09-04 14:26:00
2024-09-03,GLLM,CXQ1LH,0,599.0,2023-09-04 16:27:53.311380,2023-09-04 14:26:00
2024-09-03,GLLM,DK1A,0,597.0,2023-09-04 16:27:53.311380,2023-09-04 14:26:00
2024-09-03,GLLM,DQ1,0,597.0,2023-09-04 16:27:53.311380,2023-09-04 14:26:00
2024-09-03,GLLM,DQ1A,0,514.0,2023-09-04 16:27:53.311380,2023-09-04 14:26:00
2024-09-03,GLLM,DQ2,0,597.0,2023-09-04 16:27:53.311380,2023-09-04 14:26:00
2024-09-03,GLLM,SB2XX,0,140.0,2023-09-04 16:27:53.311380,2023-09-04 14:26:00
2024-09-03,GLLM,SD1XX,0,140.0,2023-09-04 16:27:53.311380,2023-09-04 14:26:00
2024-09-03,GLLM,SD1XXA,0,140.0,2023-09-04 16:27:53.311380,2023-09-04 14:26:00
2024-09-03,GLLM,SQ1,0,276.0,2023-09-04 16:27:53.311380,2023-09-04 14:26:00
2024-09-03,GLLM,SQ1U,0,257.0,2023-09-04 16:27:53.311380,2023-09-04 14:26:00
2024-09-03,GLLM,XQ1,0,812.0,2023-09-04 16:27:53.311380,2023-09-04 14:26:00
2024-09-04,GLLM,CD1,0,203.0,2023-09-04 16:27:53.311380,2023-09-04 14:26:00
2024-09-04,GLLM,CD2,0,203.0,2023-09-04 16:27:53.311380,2023-09-04 14:26:00
2024-09-04,GLLM,CD2LA,0,217.0,2023-09-04 16:27:53.311380,2023-09-04 14:26:00
2024-09-04,GLLM,CD2TL,0,283.0,2023-09-04 16:27:53.311380,2023-09-04 14:26:00
2024-09-04,GLLM,CK1LH,0,599.0,2023-09-04 16:27:53.311380,2023-09-04 14:26:00
2024-09-04,GLLM,CK1LHA,0,599.0,2023-09-04 16:27:53.311380,2023-09-04 14:26:00
2024-09-04,GLLM,CQ1,0,203.0,2023-09-04 16:27:53.311380,2023-09-04 14:26:00
2024-09-04,GLLM,CQ1LH,0,599.0,2023-09-04 16:27:53.311380,2023-09-04 14:26:00
2024-09-04,GLLM,CXQ1L,0,334.0,2023-09-04 16:27:53.311380,2023-09-04 14:26:00
2024-09-04,GLLM,CXQ1LH,0,599.0,2023-09-04 16:27:53.311380,2023-09-04 14:26:00
2024-09-04,GLLM,DK1A,0,597.0,2023-09-04 16:27:53.311380,2023-09-04 14:26:00
2024-09-04,GLLM,DQ1,0,597.0,2023-09-04 16:27:53.311380,2023-09-04 14:26:00
2024-09-04,GLLM,DQ1A,0,514.0,2023-09-04 16:27:53.311380,2023-09-04 14:26:00
2024-09-04,GLLM,DQ2,0,597.0,2023-09-04 16:27:53.311380,2023-09-04 14:26:00
2024-09-04,GLLM,SB2XX,0,140.0,2023-09-04 16:27:53.311380,2023-09-04 14:26:00
2024-09-04,GLLM,SD1XX,0,140.0,2023-09-04 16:27:53.311380,2023-09-04 14:26:00
2024-09-04,GLLM,SD1XXA,0,140.0,2023-09-04 16:27:53.311380,2023-09-04 14:26:00
2024-09-04,GLLM,SQ1,0,276.0,2023-09-04 16:27:53.311380,2023-09-04 14:26:00
2024-09-04,GLLM,SQ1U,0,257.0,2023-09-04 16:27:53.311380,2023-09-04 14:26:00
2024-09-04,GLLM,XQ1,0,812.0,2023-09-04 16:27:53.311380,2023-09-04 14:26:00
2024-09-05,GLLM,CD1,0,203.0,2023-09-04 16:27:53.311380,2023-09-04 14:26:00
2024-09-05,GLLM,CD2,0,203.0,2023-09-04 16:27:53.311380,2023-09-04 14:26:00
2024-09-05,GLLM,CD2LA,0,217.0,2023-09-04 16:27:53.311380,2023-09-04 14:26:00
2024-09-05,GLLM,CD2TL,0,283.0,2023-09-04 16:27:53.311380,2023-09-04 14:26:00
2024-09-05,GLLM,CK1LH,0,599.0,2023-09-04 16:27:53.311380,2023-09-04 14:26:00
2024-09-05,GLLM,CK1LHA,0,599.0,2023-09-04 16:27:53.311380,2023-09-04 14:26:00
2024-09-05,GLLM,CQ1,0,203.0,2023-09-04 16:27:53.311380,2023-09-04 14:26:00
2024-09-05,GLLM,CQ1LH,0,599.0,2023-09-04 16:27:53.311380,2023-09-04 14:26:00
2024-09-05,GLLM,CXQ1L,0,334.0,2023-09-04 16:27:53.311380,2023-09-04 14:26:00
2024-09-05,GLLM,CXQ1LH,0,599.0,2023-09-04 16:27:53.311380,2023-09-04 14:26:00
2024-09-05,GLLM,DK1A,0,597.0,2023-09-04 16:27:53.311380,2023-09-04 14:26:00
2024-09-05,GLLM,DQ1,0,597.0,2023-09-04 16:27:53.311380,2023-09-04 14:26:00
2024-09-05,GLLM,DQ1A,0,514.0,2023-09-04 16:27:53.311380,2023-09-04 14:26:00
2024-09-05,GLLM,DQ2,0,597.0,2023-09-04 16:27:53.311380,2023-09-04 14:26:00
2024-09-05,GLLM,SB2XX,0,140.0,2023-09-04 16:27:53.311380,2023-09-04 14:26:00
2024-09-05,GLLM,SD1XX,0,140.0,2023-09-04 16:27:53.311380,2023-09-04 14:26:00
2024-09-05,GLLM,SD1XXA,0,140.0,2023-09-04 16:27:53.311380,2023-09-04 14:26:00
2024-09-05,GLLM,SQ1,0,276.0,2023-09-04 16:27:53.311380,2023-09-04 14:26:00
2024-09-05,GLLM,SQ1U,0,257.0,2023-09-04 16:27:53.311380,2023-09-04 14:26:00
2024-09-05,GLLM,XQ1,0,812.0,2023-09-04 16:27:53.311380,2023-09-04 14:26:00
2024-09-06,GLLM,CD1,0,203.0,2023-09-04 16:27:53.311380,2023-09-04 14:26:00
2024-09-06,GLLM,CD2,0,203.0,2023-09-04 16:27:53.311380,2023-09-04 14:26:00
2024-09-06,GLLM,CD2LA,0,217.0,2023-09-04 16:27:53.311380,2023-09-04 14:26:00
2024-09-06,GLLM,CD2TL,0,283.0,2023-09-04 16:27:53.311380,2023-09-04 14:26:00
2024-09-06,GLLM,CK1LH,0,599.0,2023-09-04 16:27:53.311380,2023-09-04 14:26:00
2024-09-06,GLLM,CK1LHA,0,599.0,2023-09-04 16:27:53.311380,2023-09-04 14:26:00
2024-09-06,GLLM,CQ1,0,203.0,2023-09-04 16:27:53.311380,2023-09-04 14:26:00
2024-09-06,GLLM,CQ1LH,0,599.0,2023-09-04 16:27:53.311380,2023-09-04 14:26:00
2024-09-06,GLLM,CXQ1L,0,334.0,2023-09-04 16:27:53.311380,2023-09-04 14:26:00
2024-09-06,GLLM,CXQ1LH,0,599.0,2023-09-04 16:27:53.311380,2023-09-04 14:26:00
2024-09-06,GLLM,DK1A,0,597.0,2023-09-04 16:27:53.311380,2023-09-04 14:26:00
2024-09-06,GLLM,DQ1,0,597.0,2023-09-04 16:27:53.311380,2023-09-04 14:26:00
2024-09-06,GLLM,DQ1A,0,514.0,2023-09-04 16:27:53.311380,2023-09-04 14:26:00
2024-09-06,GLLM,DQ2,0,597.0,2023-09-04 16:27:53.311380,2023-09-04 14:26:00
2024-09-06,GLLM,SB2XX,0,140.0,2023-09-04 16:27:53.311380,2023-09-04 14:26:00
2024-09-06,GLLM,SD1XX,0,140.0,2023-09-04 16:27:53.311380,2023-09-04 14:26:00
2024-09-06,GLLM,SD1XXA,0,140.0,2023-09-04 16:27:53.311380,2023-09-04 14:26:00
2024-09-06,GLLM,SQ1,0,276.0,2023-09-04 16:27:53.311380,2023-09-04 14:26:00
2024-09-06,GLLM,SQ1U,0,257.0,2023-09-04 16:27:53.311380,2023-09-04 14:26:00
2024-09-06,GLLM,XQ1,0,812.0,2023-09-04 16:27:53.311380,2023-09-04 14:26:00
2024-09-07,GLLM,CD1,0,203.0,2023-09-04 16:27:53.311380,2023-09-04 14:26:00
2024-09-07,GLLM,CD2,0,203.0,2023-09-04 16:27:53.311380,2023-09-04 14:26:00
2024-09-07,GLLM,CD2LA,0,217.0,2023-09-04 16:27:53.311380,2023-09-04 14:26:00
2024-09-07,GLLM,CD2TL,0,283.0,2023-09-04 16:27:53.311380,2023-09-04 14:26:00
2024-09-07,GLLM,CK1LH,0,599.0,2023-09-04 16:27:53.311380,2023-09-04 14:26:00
2024-09-07,GLLM,CK1LHA,0,599.0,2023-09-04 16:27:53.311380,2023-09-04 14:26:00
2024-09-07,GLLM,CQ1,0,203.0,2023-09-04 16:27:53.311380,2023-09-04 14:26:00
2024-09-07,GLLM,CQ1LH,0,599.0,2023-09-04 16:27:53.311380,2023-09-04 14:26:00
2024-09-07,GLLM,CXQ1L,0,334.0,2023-09-04 16:27:53.311380,2023-09-04 14:26:00
2024-09-07,GLLM,CXQ1LH,0,599.0,2023-09-04 16:27:53.311380,2023-09-04 14:26:00
2024-09-07,GLLM,DK1A,0,597.0,2023-09-04 16:27:53.311380,2023-09-04 14:26:00
2024-09-07,GLLM,DQ1,0,597.0,2023-09-04 16:27:53.311380,2023-09-04 14:26:00
2024-09-07,GLLM,DQ1A,0,514.0,2023-09-04 16:27:53.311380,2023-09-04 14:26:00
2024-09-07,GLLM,DQ2,0,597.0,2023-09-04 16:27:53.311380,2023-09-04 14:26:00
2024-09-07,GLLM,SB2XX,0,140.0,2023-09-04 16:27:53.311380,2023-09-04 14:26:00
2024-09-07,GLLM,SD1XX,0,140.0,2023-09-04 16:27:53.311380,2023-09-04 14:26:00
2024-09-07,GLLM,SD1XXA,0,140.0,2023-09-04 16:27:53.311380,2023-09-04 14:26:00
2024-09-07,GLLM,SQ1,0,276.0,2023-09-04 16:27:53.311380,2023-09-04 14:26:00
2024-09-07,GLLM,SQ1U,0,257.0,2023-09-04 16:27:53.311380,2023-09-04 14:26:00
2024-09-07,GLLM,XQ1,0,812.0,2023-09-04 16:27:53.311380,2023-09-04 14:26:00
2024-09-08,GLLM,CD1,0,203.0,2023-09-04 16:27:53.311380,2023-09-04 14:26:00
2024-09-08,GLLM,CD2,0,203.0,2023-09-04 16:27:53.311380,2023-09-04 14:26:00
2024-09-08,GLLM,CD2LA,0,217.0,2023-09-04 16:27:53.311380,2023-09-04 14:26:00
2024-09-08,GLLM,CD2TL,0,283.0,2023-09-04 16:27:53.311380,2023-09-04 14:26:00
2024-09-08,GLLM,CK1LH,0,599.0,2023-09-04 16:27:53.311380,2023-09-04 14:26:00
2024-09-08,GLLM,CK1LHA,0,599.0,2023-09-04 16:27:53.311380,2023-09-04 14:26:00
2024-09-08,GLLM,CQ1,0,203.0,2023-09-04 16:27:53.311380,2023-09-04 14:26:00
2024-09-08,GLLM,CQ1LH,0,599.0,2023-09-04 16:27:53.311380,2023-09-04 14:26:00
2024-09-08,GLLM,CXQ1L,0,334.0,2023-09-04 16:27:53.311380,2023-09-04 14:26:00
2024-09-08,GLLM,CXQ1LH,0,599.0,2023-09-04 16:27:53.311380,2023-09-04 14:26:00
2024-09-08,GLLM,DK1A,0,597.0,2023-09-04 16:27:53.311380,2023-09-04 14:26:00
2024-09-08,GLLM,DQ1,0,597.0,2023-09-04 16:27:53.311380,2023-09-04 14:26:00
2024-09-08,GLLM,DQ1A,0,514.0,2023-09-04 16:27:53.311380,2023-09-04 14:26:00
2024-09-08,GLLM,DQ2,0,597.0,2023-09-04 16:27:53.311380,2023-09-04 14:26:00
2024-09-08,GLLM,SB2XX,0,140.0,2023-09-04 16:27:53.311380,2023-09-04 14:26:00
2024-09-08,GLLM,SD1XX,0,140.0,2023-09-04 16:27:53.311380,2023-09-04 14:26:00
2024-09-08,GLLM,SD1XXA,0,140.0,2023-09-04 16:27:53.311380,2023-09-04 14:26:00
2024-09-08,GLLM,SQ1,0,276.0,2023-09-04 16:27:53.311380,2023-09-04 14:26:00
2024-09-08,GLLM,SQ1U,0,257.0,2023-09-04 16:27:53.311380,2023-09-04 14:26:00
2024-09-08,GLLM,XQ1,0,812.0,2023-09-04 16:27:53.311380,2023-09-04 14:26:00
2024-09-09,GLLM,CD1,0,203.0,2023-09-04 16:27:53.311380,2023-09-04 14:26:00
2024-09-09,GLLM,CD2,0,203.0,2023-09-04 16:27:53.311380,2023-09-04 14:26:00
2024-09-09,GLLM,CD2LA,0,217.0,2023-09-04 16:27:53.311380,2023-09-04 14:26:00
2024-09-09,GLLM,CD2TL,0,283.0,2023-09-04 16:27:53.311380,2023-09-04 14:26:00
2024-09-09,GLLM,CK1LH,0,599.0,2023-09-04 16:27:53.311380,2023-09-04 14:26:00
2024-09-09,GLLM,CK1LHA,0,599.0,2023-09-04 16:27:53.311380,2023-09-04 14:26:00
2024-09-09,GLLM,CQ1,0,203.0,2023-09-04 16:27:53.311380,2023-09-04 14:26:00
2024-09-09,GLLM,CQ1LH,0,599.0,2023-09-04 16:27:53.311380,2023-09-04 14:26:00
2024-09-09,GLLM,CXQ1L,0,334.0,2023-09-04 16:27:53.311380,2023-09-04 14:26:00
2024-09-09,GLLM,CXQ1LH,0,599.0,2023-09-04 16:27:53.311380,2023-09-04 14:26:00
2024-09-09,GLLM,DK1A,1,597.0,2023-09-04 16:27:53.311380,2023-09-04 14:26:00
2024-09-09,GLLM,DQ1,0,597.0,2023-09-04 16:27:53.311380,2023-09-04 14:26:00
2024-09-09,GLLM,DQ1A,0,514.0,2023-09-04 16:27:53.311380,2023-09-04 14:26:00
2024-09-09,GLLM,DQ2,0,597.0,2023-09-04 16:27:53.311380,2023-09-04 14:26:00
2024-09-09,GLLM,SB2XX,0,140.0,2023-09-04 16:27:53.311380,2023-09-04 14:26:00
2024-09-09,GLLM,SD1XX,0,140.0,2023-09-04 16:27:53.311380,2023-09-04 14:26:00
2024-09-09,GLLM,SD1XXA,0,140.0,2023-09-04 16:27:53.311380,2023-09-04 14:26:00
2024-09-09,GLLM,SQ1,0,276.0,2023-09-04 16:27:53.311380,2023-09-04 14:26:00
2024-09-09,GLLM,SQ1U,0,257.0,2023-09-04 16:27:53.311380,2023-09-04 14:26:00
2024-09-09,GLLM,XQ1,0,812.0,2023-09-04 16:27:53.311380,2023-09-04 14:26:00
2024-08-31,GLMG,DK1,0,654.0,2023-09-04 16:27:54.327816,2023-09-04 14:26:00
2024-08-31,GLMG,DK1V,0,687.0,2023-09-04 16:27:54.327816,2023-09-04 14:26:00
2024-08-31,GLMG,DK1Y,0,687.0,2023-09-04 16:27:54.327816,2023-09-04 14:26:00
2024-08-31,GLMG,DK1YV,0,716.0,2023-09-04 16:27:54.327816,2023-09-04 14:26:00
2024-08-31,GLMG,DQ1,0,654.0,2023-09-04 16:27:54.327816,2023-09-04 14:26:00
2024-08-31,GLMG,DQ1V,0,687.0,2023-09-04 16:27:54.327816,2023-09-04 14:26:00
2024-08-31,GLMG,DQ1Y,0,687.0,2023-09-04 16:27:54.327816,2023-09-04 14:26:00
2024-08-31,GLMG,DQ1YA,0,687.0,2023-09-04 16:27:54.327816,2023-09-04 14:26:00
2024-08-31,GLMG,DQ1YV,0,716.0,2023-09-04 16:27:54.327816,2023-09-04 14:26:00
2024-08-31,GLMG,DQ1YVA,0,716.0,2023-09-04 16:27:54.327816,2023-09-04 14:26:00
2024-08-31,GLMG,SD1,0,296.0,2023-09-04 16:27:54.327816,2023-09-04 14:26:00
2024-08-31,GLMG,SD1A,0,296.0,2023-09-04 16:27:54.327816,2023-09-04 14:26:00
2024-08-31,GLMG,SD1U,0,258.0,2023-09-04 16:27:54.327816,2023-09-04 14:26:00
2024-08-31,GLMG,SD1UA,0,258.0,2023-09-04 16:27:54.327816,2023-09-04 14:26:00
2024-08-31,GLMG,SD1V,0,313.0,2023-09-04 16:27:54.327816,2023-09-04 14:26:00
2024-08-31,GLMG,SD1Y,0,313.0,2023-09-04 16:27:54.327816,2023-09-04 14:26:00
2024-08-31,GLMG,SD1YV,0,327.0,2023-09-04 16:27:54.327816,2023-09-04 14:26:00
2024-08-31,GLMG,SD2,0,296.0,2023-09-04 16:27:54.327816,2023-09-04 14:26:00
2024-08-31,GLMG,SD2U,0,258.0,2023-09-04 16:27:54.327816,2023-09-04 14:26:00
2024-08-31,GLMG,SD2V,0,313.0,2023-09-04 16:27:54.327816,2023-09-04 14:26:00
2024-08-31,GLMG,SDT,0,296.0,2023-09-04 16:27:54.327816,2023-09-04 14:26:00
2024-08-31,GLMG,SDTU,0,258.0,2023-09-04 16:27:54.327816,2023-09-04 14:26:00
2024-08-31,GLMG,SDTV,0,313.0,2023-09-04 16:27:54.327816,2023-09-04 14:26:00
2024-08-31,GLMG,SDTVA,0,313.0,2023-09-04 16:27:54.327816,2023-09-04 14:26:00
2024-08-31,GLMG,SDTY,0,313.0,2023-09-04 16:27:54.327816,2023-09-04 14:26:00
2024-08-31,GLMG,SK1A,0,296.0,2023-09-04 16:27:54.327816,2023-09-04 14:26:00
2024-08-31,GLMG,ST2,0,296.0,2023-09-04 16:27:54.327816,2023-09-04 14:26:00
2024-08-31,GLMG,ST2U,0,258.0,2023-09-04 16:27:54.327816,2023-09-04 14:26:00
2024-08-31,GLMG,ST2V,0,313.0,2023-09-04 16:27:54.327816,2023-09-04 14:26:00
2024-08-31,GLMG,ST2Y,0,313.0,2023-09-04 16:27:54.327816,2023-09-04 14:26:00
2024-08-31,GLMG,ST2YV,0,327.0,2023-09-04 16:27:54.327816,2023-09-04 14:26:00
2024-08-31,GLMG,XD2T,0,396.0,2023-09-04 16:27:54.327816,2023-09-04 14:26:00
2024-08-31,GLMG,XD2TA,0,396.0,2023-09-04 16:27:54.327816,2023-09-04 14:26:00
2024-08-31,GLMG,XKQYV,0,964.0,2023-09-04 16:27:54.327816,2023-09-04 14:26:00
2024-09-01,GLMG,DK1,0,654.0,2023-09-04 16:27:54.327816,2023-09-04 14:26:00
2024-09-01,GLMG,DK1V,0,687.0,2023-09-04 16:27:54.327816,2023-09-04 14:26:00
2024-09-01,GLMG,DK1Y,1,687.0,2023-09-04 16:27:54.327816,2023-09-04 14:26:00
2024-09-01,GLMG,DK1YV,0,716.0,2023-09-04 16:27:54.327816,2023-09-04 14:26:00
2024-09-01,GLMG,DQ1,0,654.0,2023-09-04 16:27:54.327816,2023-09-04 14:26:00
2024-09-01,GLMG,DQ1V,0,687.0,2023-09-04 16:27:54.327816,2023-09-04 14:26:00
2024-09-01,GLMG,DQ1Y,0,687.0,2023-09-04 16:27:54.327816,2023-09-04 14:26:00
2024-09-01,GLMG,DQ1YA,0,687.0,2023-09-04 16:27:54.327816,2023-09-04 14:26:00
2024-09-01,GLMG,DQ1YV,0,716.0,2023-09-04 16:27:54.327816,2023-09-04 14:26:00
2024-09-01,GLMG,DQ1YVA,0,716.0,2023-09-04 16:27:54.327816,2023-09-04 14:26:00
2024-09-01,GLMG,SD1,0,296.0,2023-09-04 16:27:54.327816,2023-09-04 14:26:00
2024-09-01,GLMG,SD1A,0,296.0,2023-09-04 16:27:54.327816,2023-09-04 14:26:00
2024-09-01,GLMG,SD1U,0,258.0,2023-09-04 16:27:54.327816,2023-09-04 14:26:00
2024-09-01,GLMG,SD1UA,0,258.0,2023-09-04 16:27:54.327816,2023-09-04 14:26:00
2024-09-01,GLMG,SD1V,0,313.0,2023-09-04 16:27:54.327816,2023-09-04 14:26:00
2024-09-01,GLMG,SD1Y,0,313.0,2023-09-04 16:27:54.327816,2023-09-04 14:26:00
2024-09-01,GLMG,SD1YV,0,327.0,2023-09-04 16:27:54.327816,2023-09-04 14:26:00
2024-09-01,GLMG,SD2,0,296.0,2023-09-04 16:27:54.327816,2023-09-04 14:26:00
2024-09-01,GLMG,SD2U,0,258.0,2023-09-04 16:27:54.327816,2023-09-04 14:26:00
2024-09-01,GLMG,SD2V,0,313.0,2023-09-04 16:27:54.327816,2023-09-04 14:26:00
2024-09-01,GLMG,SDT,0,296.0,2023-09-04 16:27:54.327816,2023-09-04 14:26:00
2024-09-01,GLMG,SDTU,0,258.0,2023-09-04 16:27:54.327816,2023-09-04 14:26:00
2024-09-01,GLMG,SDTV,0,313.0,2023-09-04 16:27:54.327816,2023-09-04 14:26:00
2024-09-01,GLMG,SDTVA,0,313.0,2023-09-04 16:27:54.327816,2023-09-04 14:26:00
2024-09-01,GLMG,SDTY,0,313.0,2023-09-04 16:27:54.327816,2023-09-04 14:26:00
2024-09-01,GLMG,SK1A,0,296.0,2023-09-04 16:27:54.327816,2023-09-04 14:26:00
2024-09-01,GLMG,ST2,0,296.0,2023-09-04 16:27:54.327816,2023-09-04 14:26:00
2024-09-01,GLMG,ST2U,0,258.0,2023-09-04 16:27:54.327816,2023-09-04 14:26:00
2024-09-01,GLMG,ST2V,0,313.0,2023-09-04 16:27:54.327816,2023-09-04 14:26:00
2024-09-01,GLMG,ST2Y,0,313.0,2023-09-04 16:27:54.327816,2023-09-04 14:26:00
2024-09-01,GLMG,ST2YV,0,327.0,2023-09-04 16:27:54.327816,2023-09-04 14:26:00
2024-09-01,GLMG,XD2T,0,396.0,2023-09-04 16:27:54.327816,2023-09-04 14:26:00
2024-09-01,GLMG,XD2TA,0,396.0,2023-09-04 16:27:54.327816,2023-09-04 14:26:00
2024-09-01,GLMG,XKQYV,0,964.0,2023-09-04 16:27:54.327816,2023-09-04 14:26:00
2024-09-02,GLMG,DK1,0,654.0,2023-09-04 16:27:54.327816,2023-09-04 14:26:00
2024-09-02,GLMG,DK1V,0,687.0,2023-09-04 16:27:54.327816,2023-09-04 14:26:00
2024-09-02,GLMG,DK1Y,0,687.0,2023-09-04 16:27:54.327816,2023-09-04 14:26:00
2024-09-02,GLMG,DK1YV,0,716.0,2023-09-04 16:27:54.327816,2023-09-04 14:26:00
2024-09-02,GLMG,DQ1,0,654.0,2023-09-04 16:27:54.327816,2023-09-04 14:26:00
2024-09-02,GLMG,DQ1V,0,687.0,2023-09-04 16:27:54.327816,2023-09-04 14:26:00
2024-09-02,GLMG,DQ1Y,0,687.0,2023-09-04 16:27:54.327816,2023-09-04 14:26:00
2024-09-02,GLMG,DQ1YA,0,687.0,2023-09-04 16:27:54.327816,2023-09-04 14:26:00
2024-09-02,GLMG,DQ1YV,0,716.0,2023-09-04 16:27:54.327816,2023-09-04 14:26:00
2024-09-02,GLMG,DQ1YVA,0,716.0,2023-09-04 16:27:54.327816,2023-09-04 14:26:00
2024-09-02,GLMG,SD1,0,296.0,2023-09-04 16:27:54.327816,2023-09-04 14:26:00
2024-09-02,GLMG,SD1A,0,296.0,2023-09-04 16:27:54.327816,2023-09-04 14:26:00
2024-09-02,GLMG,SD1U,0,258.0,2023-09-04 16:27:54.327816,2023-09-04 14:26:00
2024-09-02,GLMG,SD1UA,0,258.0,2023-09-04 16:27:54.327816,2023-09-04 14:26:00
2024-09-02,GLMG,SD1V,0,313.0,2023-09-04 16:27:54.327816,2023-09-04 14:26:00
2024-09-02,GLMG,SD1Y,0,313.0,2023-09-04 16:27:54.327816,2023-09-04 14:26:00
2024-09-02,GLMG,SD1YV,0,327.0,2023-09-04 16:27:54.327816,2023-09-04 14:26:00
2024-09-02,GLMG,SD2,0,296.0,2023-09-04 16:27:54.327816,2023-09-04 14:26:00
2024-09-02,GLMG,SD2U,0,258.0,2023-09-04 16:27:54.327816,2023-09-04 14:26:00
2024-09-02,GLMG,SD2V,0,313.0,2023-09-04 16:27:54.327816,2023-09-04 14:26:00
2024-09-02,GLMG,SDT,0,296.0,2023-09-04 16:27:54.327816,2023-09-04 14:26:00
2024-09-02,GLMG,SDTU,0,258.0,2023-09-04 16:27:54.327816,2023-09-04 14:26:00
2024-09-02,GLMG,SDTV,0,313.0,2023-09-04 16:27:54.327816,2023-09-04 14:26:00
2024-09-02,GLMG,SDTVA,0,313.0,2023-09-04 16:27:54.327816,2023-09-04 14:26:00
2024-09-02,GLMG,SDTY,0,313.0,2023-09-04 16:27:54.327816,2023-09-04 14:26:00
2024-09-02,GLMG,SK1A,0,296.0,2023-09-04 16:27:54.327816,2023-09-04 14:26:00
2024-09-02,GLMG,ST2,0,296.0,2023-09-04 16:27:54.327816,2023-09-04 14:26:00
2024-09-02,GLMG,ST2U,0,258.0,2023-09-04 16:27:54.327816,2023-09-04 14:26:00
2024-09-02,GLMG,ST2V,0,313.0,2023-09-04 16:27:54.327816,2023-09-04 14:26:00
2024-09-02,GLMG,ST2Y,0,313.0,2023-09-04 16:27:54.327816,2023-09-04 14:26:00
2024-09-02,GLMG,ST2YV,0,327.0,2023-09-04 16:27:54.327816,2023-09-04 14:26:00
2024-09-02,GLMG,XD2T,0,396.0,2023-09-04 16:27:54.327816,2023-09-04 14:26:00
2024-09-02,GLMG,XD2TA,0,396.0,2023-09-04 16:27:54.327816,2023-09-04 14:26:00
2024-09-02,GLMG,XKQYV,0,964.0,2023-09-04 16:27:54.327816,2023-09-04 14:26:00
2024-09-03,GLMG,DK1,0,654.0,2023-09-04 16:27:54.327816,2023-09-04 14:26:00
2024-09-03,GLMG,DK1V,0,687.0,2023-09-04 16:27:54.327816,2023-09-04 14:26:00
2024-09-03,GLMG,DK1Y,0,687.0,2023-09-04 16:27:54.327816,2023-09-04 14:26:00
2024-09-03,GLMG,DK1YV,0,716.0,2023-09-04 16:27:54.327816,2023-09-04 14:26:00
2024-09-03,GLMG,DQ1,0,654.0,2023-09-04 16:27:54.327816,2023-09-04 14:26:00
2024-09-03,GLMG,DQ1V,0,687.0,2023-09-04 16:27:54.327816,2023-09-04 14:26:00
2024-09-03,GLMG,DQ1Y,0,687.0,2023-09-04 16:27:54.327816,2023-09-04 14:26:00
2024-09-03,GLMG,DQ1YA,0,687.0,2023-09-04 16:27:54.327816,2023-09-04 14:26:00
2024-09-03,GLMG,DQ1YV,0,716.0,2023-09-04 16:27:54.327816,2023-09-04 14:26:00
2024-09-03,GLMG,DQ1YVA,0,716.0,2023-09-04 16:27:54.327816,2023-09-04 14:26:00
2024-09-03,GLMG,SD1,0,296.0,2023-09-04 16:27:54.327816,2023-09-04 14:26:00
2024-09-03,GLMG,SD1A,0,296.0,2023-09-04 16:27:54.327816,2023-09-04 14:26:00
2024-09-03,GLMG,SD1U,0,258.0,2023-09-04 16:27:54.327816,2023-09-04 14:26:00
2024-09-03,GLMG,SD1UA,0,258.0,2023-09-04 16:27:54.327816,2023-09-04 14:26:00
2024-09-03,GLMG,SD1V,0,313.0,2023-09-04 16:27:54.327816,2023-09-04 14:26:00
2024-09-03,GLMG,SD1Y,0,313.0,2023-09-04 16:27:54.327816,2023-09-04 14:26:00
2024-09-03,GLMG,SD1YV,0,327.0,2023-09-04 16:27:54.327816,2023-09-04 14:26:00
2024-09-03,GLMG,SD2,0,296.0,2023-09-04 16:27:54.327816,2023-09-04 14:26:00
2024-09-03,GLMG,SD2U,0,258.0,2023-09-04 16:27:54.327816,2023-09-04 14:26:00
2024-09-03,GLMG,SD2V,0,313.0,2023-09-04 16:27:54.327816,2023-09-04 14:26:00
2024-09-03,GLMG,SDT,0,296.0,2023-09-04 16:27:54.327816,2023-09-04 14:26:00
2024-09-03,GLMG,SDTU,0,258.0,2023-09-04 16:27:54.327816,2023-09-04 14:26:00
2024-09-03,GLMG,SDTV,0,313.0,2023-09-04 16:27:54.327816,2023-09-04 14:26:00
2024-09-03,GLMG,SDTVA,0,313.0,2023-09-04 16:27:54.327816,2023-09-04 14:26:00
2024-09-03,GLMG,SDTY,0,313.0,2023-09-04 16:27:54.327816,2023-09-04 14:26:00
2024-09-03,GLMG,SK1A,0,296.0,2023-09-04 16:27:54.327816,2023-09-04 14:26:00
2024-09-03,GLMG,ST2,0,296.0,2023-09-04 16:27:54.327816,2023-09-04 14:26:00
2024-09-03,GLMG,ST2U,0,258.0,2023-09-04 16:27:54.327816,2023-09-04 14:26:00
2024-09-03,GLMG,ST2V,0,313.0,2023-09-04 16:27:54.327816,2023-09-04 14:26:00
2024-09-03,GLMG,ST2Y,0,313.0,2023-09-04 16:27:54.327816,2023-09-04 14:26:00
2024-09-03,GLMG,ST2YV,0,327.0,2023-09-04 16:27:54.327816,2023-09-04 14:26:00
2024-09-03,GLMG,XD2T,0,396.0,2023-09-04 16:27:54.327816,2023-09-04 14:26:00
2024-09-03,GLMG,XD2TA,0,396.0,2023-09-04 16:27:54.327816,2023-09-04 14:26:00
2024-09-03,GLMG,XKQYV,0,964.0,2023-09-04 16:27:54.327816,2023-09-04 14:26:00
2024-09-04,GLMG,DK1,0,654.0,2023-09-04 16:27:54.327816,2023-09-04 14:26:00
2024-09-04,GLMG,DK1V,0,687.0,2023-09-04 16:27:54.327816,2023-09-04 14:26:00
2024-09-04,GLMG,DK1Y,0,687.0,2023-09-04 16:27:54.327816,2023-09-04 14:26:00
2024-09-04,GLMG,DK1YV,0,716.0,2023-09-04 16:27:54.327816,2023-09-04 14:26:00
2024-09-04,GLMG,DQ1,0,654.0,2023-09-04 16:27:54.327816,2023-09-04 14:26:00
2024-09-04,GLMG,DQ1V,0,687.0,2023-09-04 16:27:54.327816,2023-09-04 14:26:00
2024-09-04,GLMG,DQ1Y,0,687.0,2023-09-04 16:27:54.327816,2023-09-04 14:26:00
2024-09-04,GLMG,DQ1YA,0,687.0,2023-09-04 16:27:54.327816,2023-09-04 14:26:00
2024-09-04,GLMG,DQ1YV,0,716.0,2023-09-04 16:27:54.327816,2023-09-04 14:26:00
2024-09-04,GLMG,DQ1YVA,0,716.0,2023-09-04 16:27:54.327816,2023-09-04 14:26:00
2024-09-04,GLMG,SD1,0,296.0,2023-09-04 16:27:54.327816,2023-09-04 14:26:00
2024-09-04,GLMG,SD1A,0,296.0,2023-09-04 16:27:54.327816,2023-09-04 14:26:00
2024-09-04,GLMG,SD1U,0,258.0,2023-09-04 16:27:54.327816,2023-09-04 14:26:00
2024-09-04,GLMG,SD1UA,0,258.0,2023-09-04 16:27:54.327816,2023-09-04 14:26:00
2024-09-04,GLMG,SD1V,0,313.0,2023-09-04 16:27:54.327816,2023-09-04 14:26:00
2024-09-04,GLMG,SD1Y,0,313.0,2023-09-04 16:27:54.327816,2023-09-04 14:26:00
2024-09-04,GLMG,SD1YV,0,327.0,2023-09-04 16:27:54.327816,2023-09-04 14:26:00
2024-09-04,GLMG,SD2,0,296.0,2023-09-04 16:27:54.327816,2023-09-04 14:26:00
2024-09-04,GLMG,SD2U,0,258.0,2023-09-04 16:27:54.327816,2023-09-04 14:26:00
2024-09-04,GLMG,SD2V,0,313.0,2023-09-04 16:27:54.327816,2023-09-04 14:26:00
2024-09-04,GLMG,SDT,0,296.0,2023-09-04 16:27:54.327816,2023-09-04 14:26:00
2024-09-04,GLMG,SDTU,0,258.0,2023-09-04 16:27:54.327816,2023-09-04 14:26:00
2024-09-04,GLMG,SDTV,0,313.0,2023-09-04 16:27:54.327816,2023-09-04 14:26:00
2024-09-04,GLMG,SDTVA,0,313.0,2023-09-04 16:27:54.327816,2023-09-04 14:26:00
2024-09-04,GLMG,SDTY,0,313.0,2023-09-04 16:27:54.327816,2023-09-04 14:26:00
2024-09-04,GLMG,SK1A,0,296.0,2023-09-04 16:27:54.327816,2023-09-04 14:26:00
2024-09-04,GLMG,ST2,0,296.0,2023-09-04 16:27:54.327816,2023-09-04 14:26:00
2024-09-04,GLMG,ST2U,0,258.0,2023-09-04 16:27:54.327816,2023-09-04 14:26:00
2024-09-04,GLMG,ST2V,0,313.0,2023-09-04 16:27:54.327816,2023-09-04 14:26:00
2024-09-04,GLMG,ST2Y,0,313.0,2023-09-04 16:27:54.327816,2023-09-04 14:26:00
2024-09-04,GLMG,ST2YV,0,327.0,2023-09-04 16:27:54.327816,2023-09-04 14:26:00
2024-09-04,GLMG,XD2T,0,396.0,2023-09-04 16:27:54.327816,2023-09-04 14:26:00
2024-09-04,GLMG,XD2TA,0,396.0,2023-09-04 16:27:54.327816,2023-09-04 14:26:00
2024-09-04,GLMG,XKQYV,0,964.0,2023-09-04 16:27:54.327816,2023-09-04 14:26:00
2024-09-05,GLMG,DK1,0,654.0,2023-09-04 16:27:54.327816,2023-09-04 14:26:00
2024-09-05,GLMG,DK1V,0,687.0,2023-09-04 16:27:54.327816,2023-09-04 14:26:00
2024-09-05,GLMG,DK1Y,0,687.0,2023-09-04 16:27:54.327816,2023-09-04 14:26:00
2024-09-05,GLMG,DK1YV,0,716.0,2023-09-04 16:27:54.327816,2023-09-04 14:26:00
2024-09-05,GLMG,DQ1,0,654.0,2023-09-04 16:27:54.327816,2023-09-04 14:26:00
2024-09-05,GLMG,DQ1V,0,687.0,2023-09-04 16:27:54.327816,2023-09-04 14:26:00
2024-09-05,GLMG,DQ1Y,0,687.0,2023-09-04 16:27:54.327816,2023-09-04 14:26:00
2024-09-05,GLMG,DQ1YA,0,687.0,2023-09-04 16:27:54.327816,2023-09-04 14:26:00
2024-09-05,GLMG,DQ1YV,0,716.0,2023-09-04 16:27:54.327816,2023-09-04 14:26:00
2024-09-05,GLMG,DQ1YVA,0,716.0,2023-09-04 16:27:54.327816,2023-09-04 14:26:00
2024-09-05,GLMG,SD1,0,296.0,2023-09-04 16:27:54.327816,2023-09-04 14:26:00
2024-09-05,GLMG,SD1A,0,296.0,2023-09-04 16:27:54.327816,2023-09-04 14:26:00
2024-09-05,GLMG,SD1U,0,258.0,2023-09-04 16:27:54.327816,2023-09-04 14:26:00
2024-09-05,GLMG,SD1UA,0,258.0,2023-09-04 16:27:54.327816,2023-09-04 14:26:00
2024-09-05,GLMG,SD1V,0,313.0,2023-09-04 16:27:54.327816,2023-09-04 14:26:00
2024-09-05,GLMG,SD1Y,0,313.0,2023-09-04 16:27:54.327816,2023-09-04 14:26:00
2024-09-05,GLMG,SD1YV,0,327.0,2023-09-04 16:27:54.327816,2023-09-04 14:26:00
2024-09-05,GLMG,SD2,0,296.0,2023-09-04 16:27:54.327816,2023-09-04 14:26:00
2024-09-05,GLMG,SD2U,0,258.0,2023-09-04 16:27:54.327816,2023-09-04 14:26:00
2024-09-05,GLMG,SD2V,0,313.0,2023-09-04 16:27:54.327816,2023-09-04 14:26:00
2024-09-05,GLMG,SDT,0,296.0,2023-09-04 16:27:54.327816,2023-09-04 14:26:00
2024-09-05,GLMG,SDTU,0,258.0,2023-09-04 16:27:54.327816,2023-09-04 14:26:00
2024-09-05,GLMG,SDTV,0,313.0,2023-09-04 16:27:54.327816,2023-09-04 14:26:00
2024-09-05,GLMG,SDTVA,0,313.0,2023-09-04 16:27:54.327816,2023-09-04 14:26:00
2024-09-05,GLMG,SDTY,0,313.0,2023-09-04 16:27:54.327816,2023-09-04 14:26:00
2024-09-05,GLMG,SK1A,0,296.0,2023-09-04 16:27:54.327816,2023-09-04 14:26:00
2024-09-05,GLMG,ST2,0,296.0,2023-09-04 16:27:54.327816,2023-09-04 14:26:00
2024-09-05,GLMG,ST2U,0,258.0,2023-09-04 16:27:54.327816,2023-09-04 14:26:00
2024-09-05,GLMG,ST2V,0,313.0,2023-09-04 16:27:54.327816,2023-09-04 14:26:00
2024-09-05,GLMG,ST2Y,0,313.0,2023-09-04 16:27:54.327816,2023-09-04 14:26:00
2024-09-05,GLMG,ST2YV,0,327.0,2023-09-04 16:27:54.327816,2023-09-04 14:26:00
2024-09-05,GLMG,XD2T,0,396.0,2023-09-04 16:27:54.327816,2023-09-04 14:26:00
2024-09-05,GLMG,XD2TA,0,396.0,2023-09-04 16:27:54.327816,2023-09-04 14:26:00
2024-09-05,GLMG,XKQYV,0,964.0,2023-09-04 16:27:54.327816,2023-09-04 14:26:00
2024-09-06,GLMG,DK1,0,654.0,2023-09-04 16:27:54.327816,2023-09-04 14:26:00
2024-09-06,GLMG,DK1V,0,687.0,2023-09-04 16:27:54.327816,2023-09-04 14:26:00
2024-09-06,GLMG,DK1Y,0,687.0,2023-09-04 16:27:54.327816,2023-09-04 14:26:00
2024-09-06,GLMG,DK1YV,0,716.0,2023-09-04 16:27:54.327816,2023-09-04 14:26:00
2024-09-06,GLMG,DQ1,0,654.0,2023-09-04 16:27:54.327816,2023-09-04 14:26:00
2024-09-06,GLMG,DQ1V,0,687.0,2023-09-04 16:27:54.327816,2023-09-04 14:26:00
2024-09-06,GLMG,DQ1Y,0,687.0,2023-09-04 16:27:54.327816,2023-09-04 14:26:00
2024-09-06,GLMG,DQ1YA,0,687.0,2023-09-04 16:27:54.327816,2023-09-04 14:26:00
2024-09-06,GLMG,DQ1YV,0,716.0,2023-09-04 16:27:54.327816,2023-09-04 14:26:00
2024-09-06,GLMG,DQ1YVA,0,716.0,2023-09-04 16:27:54.327816,2023-09-04 14:26:00
2024-09-06,GLMG,SD1,0,296.0,2023-09-04 16:27:54.327816,2023-09-04 14:26:00
2024-09-06,GLMG,SD1A,0,296.0,2023-09-04 16:27:54.327816,2023-09-04 14:26:00
2024-09-06,GLMG,SD1U,0,258.0,2023-09-04 16:27:54.327816,2023-09-04 14:26:00
2024-09-06,GLMG,SD1UA,0,258.0,2023-09-04 16:27:54.327816,2023-09-04 14:26:00
2024-09-06,GLMG,SD1V,0,313.0,2023-09-04 16:27:54.327816,2023-09-04 14:26:00
2024-09-06,GLMG,SD1Y,0,313.0,2023-09-04 16:27:54.327816,2023-09-04 14:26:00
2024-09-06,GLMG,SD1YV,0,327.0,2023-09-04 16:27:54.327816,2023-09-04 14:26:00
2024-09-06,GLMG,SD2,0,296.0,2023-09-04 16:27:54.327816,2023-09-04 14:26:00
2024-09-06,GLMG,SD2U,0,258.0,2023-09-04 16:27:54.327816,2023-09-04 14:26:00
2024-09-06,GLMG,SD2V,0,313.0,2023-09-04 16:27:54.327816,2023-09-04 14:26:00
2024-09-06,GLMG,SDT,0,296.0,2023-09-04 16:27:54.327816,2023-09-04 14:26:00
2024-09-06,GLMG,SDTU,0,258.0,2023-09-04 16:27:54.327816,2023-09-04 14:26:00
2024-09-06,GLMG,SDTV,0,313.0,2023-09-04 16:27:54.327816,2023-09-04 14:26:00
2024-09-06,GLMG,SDTVA,0,313.0,2023-09-04 16:27:54.327816,2023-09-04 14:26:00
2024-09-06,GLMG,SDTY,0,313.0,2023-09-04 16:27:54.327816,2023-09-04 14:26:00
2024-09-06,GLMG,SK1A,0,296.0,2023-09-04 16:27:54.327816,2023-09-04 14:26:00
2024-09-06,GLMG,ST2,0,296.0,2023-09-04 16:27:54.327816,2023-09-04 14:26:00
2024-09-06,GLMG,ST2U,0,258.0,2023-09-04 16:27:54.327816,2023-09-04 14:26:00
2024-09-06,GLMG,ST2V,0,313.0,2023-09-04 16:27:54.327816,2023-09-04 14:26:00
2024-09-06,GLMG,ST2Y,0,313.0,2023-09-04 16:27:54.327816,2023-09-04 14:26:00
2024-09-06,GLMG,ST2YV,0,327.0,2023-09-04 16:27:54.327816,2023-09-04 14:26:00
2024-09-06,GLMG,XD2T,0,396.0,2023-09-04 16:27:54.327816,2023-09-04 14:26:00
2024-09-06,GLMG,XD2TA,0,396.0,2023-09-04 16:27:54.327816,2023-09-04 14:26:00
2024-09-06,GLMG,XKQYV,0,964.0,2023-09-04 16:27:54.327816,2023-09-04 14:26:00
2024-09-07,GLMG,DK1,0,654.0,2023-09-04 16:27:54.327816,2023-09-04 14:26:00
2024-09-07,GLMG,DK1V,0,687.0,2023-09-04 16:27:54.327816,2023-09-04 14:26:00
2024-09-07,GLMG,DK1Y,0,687.0,2023-09-04 16:27:54.327816,2023-09-04 14:26:00
2024-09-07,GLMG,DK1YV,0,716.0,2023-09-04 16:27:54.327816,2023-09-04 14:26:00
2024-09-07,GLMG,DQ1,0,654.0,2023-09-04 16:27:54.327816,2023-09-04 14:26:00
2024-09-07,GLMG,DQ1V,0,687.0,2023-09-04 16:27:54.327816,2023-09-04 14:26:00
2024-09-07,GLMG,DQ1Y,0,687.0,2023-09-04 16:27:54.327816,2023-09-04 14:26:00
2024-09-07,GLMG,DQ1YA,0,687.0,2023-09-04 16:27:54.327816,2023-09-04 14:26:00
2024-09-07,GLMG,DQ1YV,0,716.0,2023-09-04 16:27:54.327816,2023-09-04 14:26:00
2024-09-07,GLMG,DQ1YVA,0,716.0,2023-09-04 16:27:54.327816,2023-09-04 14:26:00
2024-09-07,GLMG,SD1,0,296.0,2023-09-04 16:27:54.327816,2023-09-04 14:26:00
2024-09-07,GLMG,SD1A,0,296.0,2023-09-04 16:27:54.327816,2023-09-04 14:26:00
2024-09-07,GLMG,SD1U,0,258.0,2023-09-04 16:27:54.327816,2023-09-04 14:26:00
2024-09-07,GLMG,SD1UA,0,258.0,2023-09-04 16:27:54.327816,2023-09-04 14:26:00
2024-09-07,GLMG,SD1V,0,313.0,2023-09-04 16:27:54.327816,2023-09-04 14:26:00
2024-09-07,GLMG,SD1Y,0,313.0,2023-09-04 16:27:54.327816,2023-09-04 14:26:00
2024-09-07,GLMG,SD1YV,0,327.0,2023-09-04 16:27:54.327816,2023-09-04 14:26:00
2024-09-07,GLMG,SD2,0,296.0,2023-09-04 16:27:54.327816,2023-09-04 14:26:00
2024-09-07,GLMG,SD2U,0,258.0,2023-09-04 16:27:54.327816,2023-09-04 14:26:00
2024-09-07,GLMG,SD2V,0,313.0,2023-09-04 16:27:54.327816,2023-09-04 14:26:00
2024-09-07,GLMG,SDT,0,296.0,2023-09-04 16:27:54.327816,2023-09-04 14:26:00
2024-09-07,GLMG,SDTU,0,258.0,2023-09-04 16:27:54.327816,2023-09-04 14:26:00
2024-09-07,GLMG,SDTV,0,313.0,2023-09-04 16:27:54.327816,2023-09-04 14:26:00
2024-09-07,GLMG,SDTVA,0,313.0,2023-09-04 16:27:54.327816,2023-09-04 14:26:00
2024-09-07,GLMG,SDTY,0,313.0,2023-09-04 16:27:54.327816,2023-09-04 14:26:00
2024-09-07,GLMG,SK1A,0,296.0,2023-09-04 16:27:54.327816,2023-09-04 14:26:00
2024-09-07,GLMG,ST2,0,296.0,2023-09-04 16:27:54.327816,2023-09-04 14:26:00
2024-09-07,GLMG,ST2U,0,258.0,2023-09-04 16:27:54.327816,2023-09-04 14:26:00
2024-09-07,GLMG,ST2V,0,313.0,2023-09-04 16:27:54.327816,2023-09-04 14:26:00
2024-09-07,GLMG,ST2Y,0,313.0,2023-09-04 16:27:54.327816,2023-09-04 14:26:00
2024-09-07,GLMG,ST2YV,0,327.0,2023-09-04 16:27:54.327816,2023-09-04 14:26:00
2024-09-07,GLMG,XD2T,0,396.0,2023-09-04 16:27:54.327816,2023-09-04 14:26:00
2024-09-07,GLMG,XD2TA,0,396.0,2023-09-04 16:27:54.327816,2023-09-04 14:26:00
2024-09-07,GLMG,XKQYV,0,964.0,2023-09-04 16:27:54.327816,2023-09-04 14:26:00
2024-09-08,GLMG,DK1,0,654.0,2023-09-04 16:27:54.327816,2023-09-04 14:26:00
2024-09-08,GLMG,DK1V,0,687.0,2023-09-04 16:27:54.327816,2023-09-04 14:26:00
2024-09-08,GLMG,DK1Y,0,687.0,2023-09-04 16:27:54.327816,2023-09-04 14:26:00
2024-09-08,GLMG,DK1YV,0,716.0,2023-09-04 16:27:54.327816,2023-09-04 14:26:00
2024-09-08,GLMG,DQ1,0,654.0,2023-09-04 16:27:54.327816,2023-09-04 14:26:00
2024-09-08,GLMG,DQ1V,0,687.0,2023-09-04 16:27:54.327816,2023-09-04 14:26:00
2024-09-08,GLMG,DQ1Y,0,687.0,2023-09-04 16:27:54.327816,2023-09-04 14:26:00
2024-09-08,GLMG,DQ1YA,0,687.0,2023-09-04 16:27:54.327816,2023-09-04 14:26:00
2024-09-08,GLMG,DQ1YV,0,716.0,2023-09-04 16:27:54.327816,2023-09-04 14:26:00
2024-09-08,GLMG,DQ1YVA,0,716.0,2023-09-04 16:27:54.327816,2023-09-04 14:26:00
2024-09-08,GLMG,SD1,0,296.0,2023-09-04 16:27:54.327816,2023-09-04 14:26:00
2024-09-08,GLMG,SD1A,0,296.0,2023-09-04 16:27:54.327816,2023-09-04 14:26:00
2024-09-08,GLMG,SD1U,0,258.0,2023-09-04 16:27:54.327816,2023-09-04 14:26:00
2024-09-08,GLMG,SD1UA,0,258.0,2023-09-04 16:27:54.327816,2023-09-04 14:26:00
2024-09-08,GLMG,SD1V,0,313.0,2023-09-04 16:27:54.327816,2023-09-04 14:26:00
2024-09-08,GLMG,SD1Y,0,313.0,2023-09-04 16:27:54.327816,2023-09-04 14:26:00
2024-09-08,GLMG,SD1YV,0,327.0,2023-09-04 16:27:54.327816,2023-09-04 14:26:00
2024-09-08,GLMG,SD2,0,296.0,2023-09-04 16:27:54.327816,2023-09-04 14:26:00
2024-09-08,GLMG,SD2U,0,258.0,2023-09-04 16:27:54.327816,2023-09-04 14:26:00
2024-09-08,GLMG,SD2V,0,313.0,2023-09-04 16:27:54.327816,2023-09-04 14:26:00
2024-09-08,GLMG,SDT,0,296.0,2023-09-04 16:27:54.327816,2023-09-04 14:26:00
2024-09-08,GLMG,SDTU,0,258.0,2023-09-04 16:27:54.327816,2023-09-04 14:26:00
2024-09-08,GLMG,SDTV,0,313.0,2023-09-04 16:27:54.327816,2023-09-04 14:26:00
2024-09-08,GLMG,SDTVA,0,313.0,2023-09-04 16:27:54.327816,2023-09-04 14:26:00
2024-09-08,GLMG,SDTY,0,313.0,2023-09-04 16:27:54.327816,2023-09-04 14:26:00
2024-09-08,GLMG,SK1A,0,296.0,2023-09-04 16:27:54.327816,2023-09-04 14:26:00
2024-09-08,GLMG,ST2,0,296.0,2023-09-04 16:27:54.327816,2023-09-04 14:26:00
2024-09-08,GLMG,ST2U,0,258.0,2023-09-04 16:27:54.327816,2023-09-04 14:26:00
2024-09-08,GLMG,ST2V,0,313.0,2023-09-04 16:27:54.327816,2023-09-04 14:26:00
2024-09-08,GLMG,ST2Y,0,313.0,2023-09-04 16:27:54.327816,2023-09-04 14:26:00
2024-09-08,GLMG,ST2YV,0,327.0,2023-09-04 16:27:54.327816,2023-09-04 14:26:00
2024-09-08,GLMG,XD2T,0,396.0,2023-09-04 16:27:54.327816,2023-09-04 14:26:00
2024-09-08,GLMG,XD2TA,0,396.0,2023-09-04 16:27:54.327816,2023-09-04 14:26:00
2024-09-08,GLMG,XKQYV,0,964.0,2023-09-04 16:27:54.327816,2023-09-04 14:26:00
2024-09-09,GLMG,DK1,0,654.0,2023-09-04 16:27:54.327816,2023-09-04 14:26:00
2024-09-09,GLMG,DK1V,0,687.0,2023-09-04 16:27:54.327816,2023-09-04 14:26:00
2024-09-09,GLMG,DK1Y,0,687.0,2023-09-04 16:27:54.327816,2023-09-04 14:26:00
2024-09-09,GLMG,DK1YV,0,716.0,2023-09-04 16:27:54.327816,2023-09-04 14:26:00
2024-09-09,GLMG,DQ1,0,654.0,2023-09-04 16:27:54.327816,2023-09-04 14:26:00
2024-09-09,GLMG,DQ1V,0,687.0,2023-09-04 16:27:54.327816,2023-09-04 14:26:00
2024-09-09,GLMG,DQ1Y,0,687.0,2023-09-04 16:27:54.327816,2023-09-04 14:26:00
2024-09-09,GLMG,DQ1YA,0,687.0,2023-09-04 16:27:54.327816,2023-09-04 14:26:00
2024-09-09,GLMG,DQ1YV,0,716.0,2023-09-04 16:27:54.327816,2023-09-04 14:26:00
2024-09-09,GLMG,DQ1YVA,0,716.0,2023-09-04 16:27:54.327816,2023-09-04 14:26:00
2024-09-09,GLMG,SD1,0,296.0,2023-09-04 16:27:54.327816,2023-09-04 14:26:00
2024-09-09,GLMG,SD1A,0,296.0,2023-09-04 16:27:54.327816,2023-09-04 14:26:00
2024-09-09,GLMG,SD1U,0,258.0,2023-09-04 16:27:54.327816,2023-09-04 14:26:00
2024-09-09,GLMG,SD1UA,0,258.0,2023-09-04 16:27:54.327816,2023-09-04 14:26:00
2024-09-09,GLMG,SD1V,0,313.0,2023-09-04 16:27:54.327816,2023-09-04 14:26:00
2024-09-09,GLMG,SD1Y,0,313.0,2023-09-04 16:27:54.327816,2023-09-04 14:26:00
2024-09-09,GLMG,SD1YV,0,327.0,2023-09-04 16:27:54.327816,2023-09-04 14:26:00
2024-09-09,GLMG,SD2,0,296.0,2023-09-04 16:27:54.327816,2023-09-04 14:26:00
2024-09-09,GLMG,SD2U,0,258.0,2023-09-04 16:27:54.327816,2023-09-04 14:26:00
2024-09-09,GLMG,SD2V,0,313.0,2023-09-04 16:27:54.327816,2023-09-04 14:26:00
2024-09-09,GLMG,SDT,0,296.0,2023-09-04 16:27:54.327816,2023-09-04 14:26:00
2024-09-09,GLMG,SDTU,0,258.0,2023-09-04 16:27:54.327816,2023-09-04 14:26:00
2024-09-09,GLMG,SDTV,0,313.0,2023-09-04 16:27:54.327816,2023-09-04 14:26:00
2024-09-09,GLMG,SDTVA,0,313.0,2023-09-04 16:27:54.327816,2023-09-04 14:26:00
2024-09-09,GLMG,SDTY,0,313.0,2023-09-04 16:27:54.327816,2023-09-04 14:26:00
2024-09-09,GLMG,SK1A,0,296.0,2023-09-04 16:27:54.327816,2023-09-04 14:26:00
2024-09-09,GLMG,ST2,0,296.0,2023-09-04 16:27:54.327816,2023-09-04 14:26:00
2024-09-09,GLMG,ST2U,0,258.0,2023-09-04 16:27:54.327816,2023-09-04 14:26:00
2024-09-09,GLMG,ST2V,0,313.0,2023-09-04 16:27:54.327816,2023-09-04 14:26:00
2024-09-09,GLMG,ST2Y,0,313.0,2023-09-04 16:27:54.327816,2023-09-04 14:26:00
2024-09-09,GLMG,ST2YV,0,327.0,2023-09-04 16:27:54.327816,2023-09-04 14:26:00
2024-09-09,GLMG,XD2T,0,396.0,2023-09-04 16:27:54.327816,2023-09-04 14:26:00
2024-09-09,GLMG,XD2TA,0,396.0,2023-09-04 16:27:54.327816,2023-09-04 14:26:00
2024-09-09,GLMG,XKQYV,0,964.0,2023-09-04 16:27:54.327816,2023-09-04 14:26:00
2024-08-31,GLRS,CD2,0,231.0,2023-09-04 16:27:55.115690,2023-09-04 14:26:00
2024-08-31,GLRS,CQ1,0,231.0,2023-09-04 16:27:55.115690,2023-09-04 14:26:00
2024-08-31,GLRS,SD2,0,234.0,2023-09-04 16:27:55.115690,2023-09-04 14:26:00
2024-08-31,GLRS,SD2M,0,251.0,2023-09-04 16:27:55.115690,2023-09-04 14:26:00
2024-08-31,GLRS,SQ1,0,234.0,2023-09-04 16:27:55.115690,2023-09-04 14:26:00
2024-08-31,GLRS,SQ1M,1,251.0,2023-09-04 16:27:55.115690,2023-09-04 14:26:00
2024-08-31,GLRS,SQ1MA,1,251.0,2023-09-04 16:27:55.115690,2023-09-04 14:26:00
2024-09-01,GLRS,CD2,0,231.0,2023-09-04 16:27:55.115690,2023-09-04 14:26:00
2024-09-01,GLRS,CQ1,0,231.0,2023-09-04 16:27:55.115690,2023-09-04 14:26:00
2024-09-01,GLRS,SD2,0,234.0,2023-09-04 16:27:55.115690,2023-09-04 14:26:00
2024-09-01,GLRS,SD2M,0,251.0,2023-09-04 16:27:55.115690,2023-09-04 14:26:00
2024-09-01,GLRS,SQ1,0,234.0,2023-09-04 16:27:55.115690,2023-09-04 14:26:00
2024-09-01,GLRS,SQ1M,0,251.0,2023-09-04 16:27:55.115690,2023-09-04 14:26:00
2024-09-01,GLRS,SQ1MA,0,251.0,2023-09-04 16:27:55.115690,2023-09-04 14:26:00
2024-09-02,GLRS,CD2,0,231.0,2023-09-04 16:27:55.115690,2023-09-04 14:26:00
2024-09-02,GLRS,CQ1,0,231.0,2023-09-04 16:27:55.115690,2023-09-04 14:26:00
2024-09-02,GLRS,SD2,1,234.0,2023-09-04 16:27:55.115690,2023-09-04 14:26:00
2024-09-02,GLRS,SD2M,0,251.0,2023-09-04 16:27:55.115690,2023-09-04 14:26:00
2024-09-02,GLRS,SQ1,0,234.0,2023-09-04 16:27:55.115690,2023-09-04 14:26:00
2024-09-02,GLRS,SQ1M,0,251.0,2023-09-04 16:27:55.115690,2023-09-04 14:26:00
2024-09-02,GLRS,SQ1MA,1,251.0,2023-09-04 16:27:55.115690,2023-09-04 14:26:00
2024-09-03,GLRS,CD2,0,231.0,2023-09-04 16:27:55.115690,2023-09-04 14:26:00
2024-09-03,GLRS,CQ1,0,231.0,2023-09-04 16:27:55.115690,2023-09-04 14:26:00
2024-09-03,GLRS,SD2,0,234.0,2023-09-04 16:27:55.115690,2023-09-04 14:26:00
2024-09-03,GLRS,SD2M,0,251.0,2023-09-04 16:27:55.115690,2023-09-04 14:26:00
2024-09-03,GLRS,SQ1,0,234.0,2023-09-04 16:27:55.115690,2023-09-04 14:26:00
2024-09-03,GLRS,SQ1M,0,251.0,2023-09-04 16:27:55.115690,2023-09-04 14:26:00
2024-09-03,GLRS,SQ1MA,0,251.0,2023-09-04 16:27:55.115690,2023-09-04 14:26:00
2024-09-04,GLRS,CD2,0,231.0,2023-09-04 16:27:55.115690,2023-09-04 14:26:00
2024-09-04,GLRS,CQ1,0,231.0,2023-09-04 16:27:55.115690,2023-09-04 14:26:00
2024-09-04,GLRS,SD2,0,234.0,2023-09-04 16:27:55.115690,2023-09-04 14:26:00
2024-09-04,GLRS,SD2M,0,251.0,2023-09-04 16:27:55.115690,2023-09-04 14:26:00
2024-09-04,GLRS,SQ1,0,234.0,2023-09-04 16:27:55.115690,2023-09-04 14:26:00
2024-09-04,GLRS,SQ1M,0,251.0,2023-09-04 16:27:55.115690,2023-09-04 14:26:00
2024-09-04,GLRS,SQ1MA,0,251.0,2023-09-04 16:27:55.115690,2023-09-04 14:26:00
2024-09-05,GLRS,CD2,0,231.0,2023-09-04 16:27:55.115690,2023-09-04 14:26:00
2024-09-05,GLRS,CQ1,0,231.0,2023-09-04 16:27:55.115690,2023-09-04 14:26:00
2024-09-05,GLRS,SD2,0,234.0,2023-09-04 16:27:55.115690,2023-09-04 14:26:00
2024-09-05,GLRS,SD2M,0,251.0,2023-09-04 16:27:55.115690,2023-09-04 14:26:00
2024-09-05,GLRS,SQ1,0,234.0,2023-09-04 16:27:55.115690,2023-09-04 14:26:00
2024-09-05,GLRS,SQ1M,0,251.0,2023-09-04 16:27:55.115690,2023-09-04 14:26:00
2024-09-05,GLRS,SQ1MA,0,251.0,2023-09-04 16:27:55.115690,2023-09-04 14:26:00
2024-09-06,GLRS,CD2,0,231.0,2023-09-04 16:27:55.115690,2023-09-04 14:26:00
2024-09-06,GLRS,CQ1,0,231.0,2023-09-04 16:27:55.115690,2023-09-04 14:26:00
2024-09-06,GLRS,SD2,0,234.0,2023-09-04 16:27:55.115690,2023-09-04 14:26:00
2024-09-06,GLRS,SD2M,0,251.0,2023-09-04 16:27:55.115690,2023-09-04 14:26:00
2024-09-06,GLRS,SQ1,0,234.0,2023-09-04 16:27:55.115690,2023-09-04 14:26:00
2024-09-06,GLRS,SQ1M,0,251.0,2023-09-04 16:27:55.115690,2023-09-04 14:26:00
2024-09-06,GLRS,SQ1MA,0,251.0,2023-09-04 16:27:55.115690,2023-09-04 14:26:00
2024-09-07,GLRS,CD2,0,231.0,2023-09-04 16:27:55.115690,2023-09-04 14:26:00
2024-09-07,GLRS,CQ1,0,231.0,2023-09-04 16:27:55.115690,2023-09-04 14:26:00
2024-09-07,GLRS,SD2,0,234.0,2023-09-04 16:27:55.115690,2023-09-04 14:26:00
2024-09-07,GLRS,SD2M,0,251.0,2023-09-04 16:27:55.115690,2023-09-04 14:26:00
2024-09-07,GLRS,SQ1,0,234.0,2023-09-04 16:27:55.115690,2023-09-04 14:26:00
2024-09-07,GLRS,SQ1M,0,251.0,2023-09-04 16:27:55.115690,2023-09-04 14:26:00
2024-09-07,GLRS,SQ1MA,0,251.0,2023-09-04 16:27:55.115690,2023-09-04 14:26:00
2024-09-08,GLRS,CD2,0,231.0,2023-09-04 16:27:55.115690,2023-09-04 14:26:00
2024-09-08,GLRS,CQ1,0,231.0,2023-09-04 16:27:55.115690,2023-09-04 14:26:00
2024-09-08,GLRS,SD2,0,234.0,2023-09-04 16:27:55.115690,2023-09-04 14:26:00
2024-09-08,GLRS,SD2M,0,251.0,2023-09-04 16:27:55.115690,2023-09-04 14:26:00
2024-09-08,GLRS,SQ1,0,234.0,2023-09-04 16:27:55.115690,2023-09-04 14:26:00
2024-09-08,GLRS,SQ1M,0,251.0,2023-09-04 16:27:55.115690,2023-09-04 14:26:00
2024-09-08,GLRS,SQ1MA,0,251.0,2023-09-04 16:27:55.115690,2023-09-04 14:26:00
2024-09-09,GLRS,CD2,0,0.0,2023-09-04 16:27:55.115690,2023-09-04 14:26:00
2024-09-09,GLRS,CQ1,0,0.0,2023-09-04 16:27:55.115690,2023-09-04 14:26:00
2024-09-09,GLRS,SD2,0,0.0,2023-09-04 16:27:55.115690,2023-09-04 14:26:00
2024-09-09,GLRS,SD2M,0,0.0,2023-09-04 16:27:55.115690,2023-09-04 14:26:00
2024-09-09,GLRS,SQ1,0,0.0,2023-09-04 16:27:55.115690,2023-09-04 14:26:00
2024-09-09,GLRS,SQ1M,0,0.0,2023-09-04 16:27:55.115690,2023-09-04 14:26:00
2024-09-09,GLRS,SQ1MA,0,0.0,2023-09-04 16:27:55.115690,2023-09-04 14:26:00
2024-08-31,GLSC,CD1H,0,195.0,2023-09-04 16:27:55.984668,2023-09-04 14:26:00
2024-08-31,GLSC,CD1HL,0,231.0,2023-09-04 16:27:55.984668,2023-09-04 14:26:00
2024-08-31,GLSC,CD1XX,1,149.0,2023-09-04 16:27:55.984668,2023-09-04 14:26:00
2024-08-31,GLSC,CD2HA,0,195.0,2023-09-04 16:27:55.984668,2023-09-04 14:26:00
2024-08-31,GLSC,CD2XX,0,182.0,2023-09-04 16:27:55.984668,2023-09-04 14:26:00
2024-08-31,GLSC,SD2M,0,251.0,2023-09-04 16:27:55.984668,2023-09-04 14:26:00
2024-08-31,GLSC,SDTM,0,251.0,2023-09-04 16:27:55.984668,2023-09-04 14:26:00
2024-08-31,GLSC,SQ1,0,234.0,2023-09-04 16:27:55.984668,2023-09-04 14:26:00
2024-08-31,GLSC,SQ1M,0,251.0,2023-09-04 16:27:55.984668,2023-09-04 14:26:00
2024-09-01,GLSC,CD1H,0,195.0,2023-09-04 16:27:55.984668,2023-09-04 14:26:00
2024-09-01,GLSC,CD1HL,0,231.0,2023-09-04 16:27:55.984668,2023-09-04 14:26:00
2024-09-01,GLSC,CD1XX,0,149.0,2023-09-04 16:27:55.984668,2023-09-04 14:26:00
2024-09-01,GLSC,CD2HA,0,195.0,2023-09-04 16:27:55.984668,2023-09-04 14:26:00
2024-09-01,GLSC,CD2XX,0,182.0,2023-09-04 16:27:55.984668,2023-09-04 14:26:00
2024-09-01,GLSC,SD2M,0,251.0,2023-09-04 16:27:55.984668,2023-09-04 14:26:00
2024-09-01,GLSC,SDTM,0,251.0,2023-09-04 16:27:55.984668,2023-09-04 14:26:00
2024-09-01,GLSC,SQ1,0,234.0,2023-09-04 16:27:55.984668,2023-09-04 14:26:00
2024-09-01,GLSC,SQ1M,0,251.0,2023-09-04 16:27:55.984668,2023-09-04 14:26:00
2024-09-02,GLSC,CD1H,0,195.0,2023-09-04 16:27:55.984668,2023-09-04 14:26:00
2024-09-02,GLSC,CD1HL,0,231.0,2023-09-04 16:27:55.984668,2023-09-04 14:26:00
2024-09-02,GLSC,CD1XX,0,149.0,2023-09-04 16:27:55.984668,2023-09-04 14:26:00
2024-09-02,GLSC,CD2HA,0,195.0,2023-09-04 16:27:55.984668,2023-09-04 14:26:00
2024-09-02,GLSC,CD2XX,0,182.0,2023-09-04 16:27:55.984668,2023-09-04 14:26:00
2024-09-02,GLSC,SD2M,0,251.0,2023-09-04 16:27:55.984668,2023-09-04 14:26:00
2024-09-02,GLSC,SDTM,0,251.0,2023-09-04 16:27:55.984668,2023-09-04 14:26:00
2024-09-02,GLSC,SQ1,0,234.0,2023-09-04 16:27:55.984668,2023-09-04 14:26:00
2024-09-02,GLSC,SQ1M,0,251.0,2023-09-04 16:27:55.984668,2023-09-04 14:26:00
2024-09-03,GLSC,CD1H,0,195.0,2023-09-04 16:27:55.984668,2023-09-04 14:26:00
2024-09-03,GLSC,CD1HL,0,231.0,2023-09-04 16:27:55.984668,2023-09-04 14:26:00
2024-09-03,GLSC,CD1XX,0,149.0,2023-09-04 16:27:55.984668,2023-09-04 14:26:00
2024-09-03,GLSC,CD2HA,0,195.0,2023-09-04 16:27:55.984668,2023-09-04 14:26:00
2024-09-03,GLSC,CD2XX,0,182.0,2023-09-04 16:27:55.984668,2023-09-04 14:26:00
2024-09-03,GLSC,SD2M,0,251.0,2023-09-04 16:27:55.984668,2023-09-04 14:26:00
2024-09-03,GLSC,SDTM,0,251.0,2023-09-04 16:27:55.984668,2023-09-04 14:26:00
2024-09-03,GLSC,SQ1,0,234.0,2023-09-04 16:27:55.984668,2023-09-04 14:26:00
2024-09-03,GLSC,SQ1M,0,251.0,2023-09-04 16:27:55.984668,2023-09-04 14:26:00
2024-09-04,GLSC,CD1H,0,195.0,2023-09-04 16:27:55.984668,2023-09-04 14:26:00
2024-09-04,GLSC,CD1HL,0,231.0,2023-09-04 16:27:55.984668,2023-09-04 14:26:00
2024-09-04,GLSC,CD1XX,0,149.0,2023-09-04 16:27:55.984668,2023-09-04 14:26:00
2024-09-04,GLSC,CD2HA,0,195.0,2023-09-04 16:27:55.984668,2023-09-04 14:26:00
2024-09-04,GLSC,CD2XX,0,182.0,2023-09-04 16:27:55.984668,2023-09-04 14:26:00
2024-09-04,GLSC,SD2M,0,251.0,2023-09-04 16:27:55.984668,2023-09-04 14:26:00
2024-09-04,GLSC,SDTM,0,251.0,2023-09-04 16:27:55.984668,2023-09-04 14:26:00
2024-09-04,GLSC,SQ1,0,234.0,2023-09-04 16:27:55.984668,2023-09-04 14:26:00
2024-09-04,GLSC,SQ1M,0,251.0,2023-09-04 16:27:55.984668,2023-09-04 14:26:00
2024-09-05,GLSC,CD1H,0,195.0,2023-09-04 16:27:55.984668,2023-09-04 14:26:00
2024-09-05,GLSC,CD1HL,0,231.0,2023-09-04 16:27:55.984668,2023-09-04 14:26:00
2024-09-05,GLSC,CD1XX,0,149.0,2023-09-04 16:27:55.984668,2023-09-04 14:26:00
2024-09-05,GLSC,CD2HA,0,195.0,2023-09-04 16:27:55.984668,2023-09-04 14:26:00
2024-09-05,GLSC,CD2XX,0,182.0,2023-09-04 16:27:55.984668,2023-09-04 14:26:00
2024-09-05,GLSC,SD2M,0,251.0,2023-09-04 16:27:55.984668,2023-09-04 14:26:00
2024-09-05,GLSC,SDTM,0,251.0,2023-09-04 16:27:55.984668,2023-09-04 14:26:00
2024-09-05,GLSC,SQ1,0,234.0,2023-09-04 16:27:55.984668,2023-09-04 14:26:00
2024-09-05,GLSC,SQ1M,0,251.0,2023-09-04 16:27:55.984668,2023-09-04 14:26:00
2024-09-06,GLSC,CD1H,0,195.0,2023-09-04 16:27:55.984668,2023-09-04 14:26:00
2024-09-06,GLSC,CD1HL,0,231.0,2023-09-04 16:27:55.984668,2023-09-04 14:26:00
2024-09-06,GLSC,CD1XX,0,149.0,2023-09-04 16:27:55.984668,2023-09-04 14:26:00
2024-09-06,GLSC,CD2HA,0,195.0,2023-09-04 16:27:55.984668,2023-09-04 14:26:00
2024-09-06,GLSC,CD2XX,0,182.0,2023-09-04 16:27:55.984668,2023-09-04 14:26:00
2024-09-06,GLSC,SD2M,0,251.0,2023-09-04 16:27:55.984668,2023-09-04 14:26:00
2024-09-06,GLSC,SDTM,0,251.0,2023-09-04 16:27:55.984668,2023-09-04 14:26:00
2024-09-06,GLSC,SQ1,0,234.0,2023-09-04 16:27:55.984668,2023-09-04 14:26:00
2024-09-06,GLSC,SQ1M,0,251.0,2023-09-04 16:27:55.984668,2023-09-04 14:26:00
2024-09-07,GLSC,CD1H,0,195.0,2023-09-04 16:27:55.984668,2023-09-04 14:26:00
2024-09-07,GLSC,CD1HL,0,231.0,2023-09-04 16:27:55.984668,2023-09-04 14:26:00
2024-09-07,GLSC,CD1XX,0,149.0,2023-09-04 16:27:55.984668,2023-09-04 14:26:00
2024-09-07,GLSC,CD2HA,0,195.0,2023-09-04 16:27:55.984668,2023-09-04 14:26:00
2024-09-07,GLSC,CD2XX,0,182.0,2023-09-04 16:27:55.984668,2023-09-04 14:26:00
2024-09-07,GLSC,SD2M,0,251.0,2023-09-04 16:27:55.984668,2023-09-04 14:26:00
2024-09-07,GLSC,SDTM,0,251.0,2023-09-04 16:27:55.984668,2023-09-04 14:26:00
2024-09-07,GLSC,SQ1,0,234.0,2023-09-04 16:27:55.984668,2023-09-04 14:26:00
2024-09-07,GLSC,SQ1M,0,251.0,2023-09-04 16:27:55.984668,2023-09-04 14:26:00
2024-09-08,GLSC,CD1H,0,195.0,2023-09-04 16:27:55.984668,2023-09-04 14:26:00
2024-09-08,GLSC,CD1HL,0,231.0,2023-09-04 16:27:55.984668,2023-09-04 14:26:00
2024-09-08,GLSC,CD1XX,0,149.0,2023-09-04 16:27:55.984668,2023-09-04 14:26:00
2024-09-08,GLSC,CD2HA,0,195.0,2023-09-04 16:27:55.984668,2023-09-04 14:26:00
2024-09-08,GLSC,CD2XX,0,182.0,2023-09-04 16:27:55.984668,2023-09-04 14:26:00
2024-09-08,GLSC,SD2M,0,251.0,2023-09-04 16:27:55.984668,2023-09-04 14:26:00
2024-09-08,GLSC,SDTM,0,251.0,2023-09-04 16:27:55.984668,2023-09-04 14:26:00
2024-09-08,GLSC,SQ1,0,234.0,2023-09-04 16:27:55.984668,2023-09-04 14:26:00
2024-09-08,GLSC,SQ1M,0,251.0,2023-09-04 16:27:55.984668,2023-09-04 14:26:00
2024-09-09,GLSC,CD1H,0,195.0,2023-09-04 16:27:55.984668,2023-09-04 14:26:00
2024-09-09,GLSC,CD1HL,0,231.0,2023-09-04 16:27:55.984668,2023-09-04 14:26:00
2024-09-09,GLSC,CD1XX,0,149.0,2023-09-04 16:27:55.984668,2023-09-04 14:26:00
2024-09-09,GLSC,CD2HA,0,195.0,2023-09-04 16:27:55.984668,2023-09-04 14:26:00
2024-09-09,GLSC,CD2XX,0,182.0,2023-09-04 16:27:55.984668,2023-09-04 14:26:00
2024-09-09,GLSC,SD2M,0,251.0,2023-09-04 16:27:55.984668,2023-09-04 14:26:00
2024-09-09,GLSC,SDTM,0,251.0,2023-09-04 16:27:55.984668,2023-09-04 14:26:00
2024-09-09,GLSC,SQ1,0,234.0,2023-09-04 16:27:55.984668,2023-09-04 14:26:00
2024-09-09,GLSC,SQ1M,0,251.0,2023-09-04 16:27:55.984668,2023-09-04 14:26:00
2024-08-31,GLVI,SD1A,0,234.0,2023-09-04 16:27:57.723200,2023-09-04 14:26:00
2024-08-31,GLVI,SK1K,0,387.0,2023-09-04 16:27:57.723200,2023-09-04 14:26:00
2024-08-31,GLVI,SQ1,0,234.0,2023-09-04 16:27:57.723200,2023-09-04 14:26:00
2024-08-31,GLVI,SQ2K,0,387.0,2023-09-04 16:27:57.723200,2023-09-04 14:26:00
2024-08-31,GLVI,XQ2KA,0,406.0,2023-09-04 16:27:57.723200,2023-09-04 14:26:00
2024-08-31,GLVI,XQ2T,0,321.0,2023-09-04 16:27:57.723200,2023-09-04 14:26:00
2024-08-31,GLVI,XXQ2,0,406.0,2023-09-04 16:27:57.723200,2023-09-04 14:26:00
2024-09-01,GLVI,SD1A,0,234.0,2023-09-04 16:27:57.723200,2023-09-04 14:26:00
2024-09-01,GLVI,SK1K,0,387.0,2023-09-04 16:27:57.723200,2023-09-04 14:26:00
2024-09-01,GLVI,SQ1,0,234.0,2023-09-04 16:27:57.723200,2023-09-04 14:26:00
2024-09-01,GLVI,SQ2K,0,387.0,2023-09-04 16:27:57.723200,2023-09-04 14:26:00
2024-09-01,GLVI,XQ2KA,0,406.0,2023-09-04 16:27:57.723200,2023-09-04 14:26:00
2024-09-01,GLVI,XQ2T,0,321.0,2023-09-04 16:27:57.723200,2023-09-04 14:26:00
2024-09-01,GLVI,XXQ2,0,406.0,2023-09-04 16:27:57.723200,2023-09-04 14:26:00
2024-09-02,GLVI,SD1A,0,234.0,2023-09-04 16:27:57.723200,2023-09-04 14:26:00
2024-09-02,GLVI,SK1K,0,387.0,2023-09-04 16:27:57.723200,2023-09-04 14:26:00
2024-09-02,GLVI,SQ1,0,234.0,2023-09-04 16:27:57.723200,2023-09-04 14:26:00
2024-09-02,GLVI,SQ2K,0,387.0,2023-09-04 16:27:57.723200,2023-09-04 14:26:00
2024-09-02,GLVI,XQ2KA,0,406.0,2023-09-04 16:27:57.723200,2023-09-04 14:26:00
2024-09-02,GLVI,XQ2T,0,321.0,2023-09-04 16:27:57.723200,2023-09-04 14:26:00
2024-09-02,GLVI,XXQ2,0,406.0,2023-09-04 16:27:57.723200,2023-09-04 14:26:00
2024-09-03,GLVI,SD1A,0,234.0,2023-09-04 16:27:57.723200,2023-09-04 14:26:00
2024-09-03,GLVI,SK1K,0,387.0,2023-09-04 16:27:57.723200,2023-09-04 14:26:00
2024-09-03,GLVI,SQ1,0,234.0,2023-09-04 16:27:57.723200,2023-09-04 14:26:00
2024-09-03,GLVI,SQ2K,0,387.0,2023-09-04 16:27:57.723200,2023-09-04 14:26:00
2024-09-03,GLVI,XQ2KA,0,406.0,2023-09-04 16:27:57.723200,2023-09-04 14:26:00
2024-09-03,GLVI,XQ2T,0,321.0,2023-09-04 16:27:57.723200,2023-09-04 14:26:00
2024-09-03,GLVI,XXQ2,0,406.0,2023-09-04 16:27:57.723200,2023-09-04 14:26:00
2024-09-04,GLVI,SD1A,0,234.0,2023-09-04 16:27:57.723200,2023-09-04 14:26:00
2024-09-04,GLVI,SK1K,0,387.0,2023-09-04 16:27:57.723200,2023-09-04 14:26:00
2024-09-04,GLVI,SQ1,0,234.0,2023-09-04 16:27:57.723200,2023-09-04 14:26:00
2024-09-04,GLVI,SQ2K,0,387.0,2023-09-04 16:27:57.723200,2023-09-04 14:26:00
2024-09-04,GLVI,XQ2KA,0,406.0,2023-09-04 16:27:57.723200,2023-09-04 14:26:00
2024-09-04,GLVI,XQ2T,0,321.0,2023-09-04 16:27:57.723200,2023-09-04 14:26:00
2024-09-04,GLVI,XXQ2,0,406.0,2023-09-04 16:27:57.723200,2023-09-04 14:26:00
2024-09-05,GLVI,SD1A,0,234.0,2023-09-04 16:27:57.723200,2023-09-04 14:26:00
2024-09-05,GLVI,SK1K,0,387.0,2023-09-04 16:27:57.723200,2023-09-04 14:26:00
2024-09-05,GLVI,SQ1,0,234.0,2023-09-04 16:27:57.723200,2023-09-04 14:26:00
2024-09-05,GLVI,SQ2K,0,387.0,2023-09-04 16:27:57.723200,2023-09-04 14:26:00
2024-09-05,GLVI,XQ2KA,0,406.0,2023-09-04 16:27:57.723200,2023-09-04 14:26:00
2024-09-05,GLVI,XQ2T,0,321.0,2023-09-04 16:27:57.723200,2023-09-04 14:26:00
2024-09-05,GLVI,XXQ2,0,406.0,2023-09-04 16:27:57.723200,2023-09-04 14:26:00
2024-09-06,GLVI,SD1A,0,234.0,2023-09-04 16:27:57.723200,2023-09-04 14:26:00
2024-09-06,GLVI,SK1K,0,387.0,2023-09-04 16:27:57.723200,2023-09-04 14:26:00
2024-09-06,GLVI,SQ1,0,234.0,2023-09-04 16:27:57.723200,2023-09-04 14:26:00
2024-09-06,GLVI,SQ2K,0,387.0,2023-09-04 16:27:57.723200,2023-09-04 14:26:00
2024-09-06,GLVI,XQ2KA,0,406.0,2023-09-04 16:27:57.723200,2023-09-04 14:26:00
2024-09-06,GLVI,XQ2T,0,321.0,2023-09-04 16:27:57.723200,2023-09-04 14:26:00
2024-09-06,GLVI,XXQ2,0,406.0,2023-09-04 16:27:57.723200,2023-09-04 14:26:00
2024-09-07,GLVI,SD1A,0,234.0,2023-09-04 16:27:57.723200,2023-09-04 14:26:00
2024-09-07,GLVI,SK1K,0,387.0,2023-09-04 16:27:57.723200,2023-09-04 14:26:00
2024-09-07,GLVI,SQ1,0,234.0,2023-09-04 16:27:57.723200,2023-09-04 14:26:00
2024-09-07,GLVI,SQ2K,0,387.0,2023-09-04 16:27:57.723200,2023-09-04 14:26:00
2024-09-07,GLVI,XQ2KA,0,406.0,2023-09-04 16:27:57.723200,2023-09-04 14:26:00
2024-09-07,GLVI,XQ2T,0,321.0,2023-09-04 16:27:57.723200,2023-09-04 14:26:00
2024-09-07,GLVI,XXQ2,0,406.0,2023-09-04 16:27:57.723200,2023-09-04 14:26:00
2024-09-08,GLVI,SD1A,0,234.0,2023-09-04 16:27:57.723200,2023-09-04 14:26:00
2024-09-08,GLVI,SK1K,0,387.0,2023-09-04 16:27:57.723200,2023-09-04 14:26:00
2024-09-08,GLVI,SQ1,0,234.0,2023-09-04 16:27:57.723200,2023-09-04 14:26:00
2024-09-08,GLVI,SQ2K,0,387.0,2023-09-04 16:27:57.723200,2023-09-04 14:26:00
2024-09-08,GLVI,XQ2KA,0,406.0,2023-09-04 16:27:57.723200,2023-09-04 14:26:00
2024-09-08,GLVI,XQ2T,0,321.0,2023-09-04 16:27:57.723200,2023-09-04 14:26:00
2024-09-08,GLVI,XXQ2,0,406.0,2023-09-04 16:27:57.723200,2023-09-04 14:26:00
2024-09-09,GLVI,SD1A,0,234.0,2023-09-04 16:27:57.723200,2023-09-04 14:26:00
2024-09-09,GLVI,SK1K,0,387.0,2023-09-04 16:27:57.723200,2023-09-04 14:26:00
2024-09-09,GLVI,SQ1,0,234.0,2023-09-04 16:27:57.723200,2023-09-04 14:26:00
2024-09-09,GLVI,SQ2K,0,387.0,2023-09-04 16:27:57.723200,2023-09-04 14:26:00
2024-09-09,GLVI,XQ2KA,0,406.0,2023-09-04 16:27:57.723200,2023-09-04 14:26:00
2024-09-09,GLVI,XQ2T,0,321.0,2023-09-04 16:27:57.723200,2023-09-04 14:26:00
2024-09-09,GLVI,XXQ2,0,406.0,2023-09-04 16:27:57.723200,2023-09-04 14:26:00
2024-09-09,GLCC,SQ2,8,399.99,2023-09-04 16:41:11.350467,2023-09-04 14:26:00
2024-09-09,GLCC,SQ2,9,399.99,2023-09-04 16:56:13.163109,2023-09-04 14:41:00
2024-09-08,GLCC,SQ2,10,389.99,2023-09-04 17:11:13.770359,2023-09-04 15:11:00
2024-09-09,GLCC,SQ2,7,399.99,2023-09-04 17:11:13.770359,2023-09-04 15:11:00
2024-09-09,GLVI,SQ1,1,234.0,2023-09-04 17:41:26.861074,2023-09-04 15:41:00
2024-09-09,GLVI,SQ1,0,234.0,2023-09-04 19:26:21.664869,2023-09-04 17:26:00
2024-09-08,GLCC,SQ2,9,389.99,2023-09-04 20:41:12.603028,2023-09-04 18:41:00
2024-09-09,GLCC,SQ2,6,399.99,2023-09-04 20:41:12.603028,2023-09-04 18:41:00
2024-09-02,GLLM,DQ1,0,597.0,2023-09-04 20:56:13.569959,2023-09-04 18:41:00
